Lat,Lon,cluster
40.7298,-73.9898,0
40.8074,-74.1172,-1
40.7562,-73.9768,0
40.7956,-73.974,0
40.7178,-73.9905,0
40.7418,-73.9847,0
40.7581,-73.9866,0
40.7687,-73.964,0
40.725,-73.9994,0
40.7516,-73.9854,0
40.7642,-73.9708,0
40.759,-73.9782,0
40.7141,-73.9603,1
40.6879,-73.9954,2
40.789,-73.978,0
40.7616,-73.9824,0
40.7573,-73.9637,0
40.6975,-73.916,-1
40.7843,-73.9556,0
40.7249,-73.9992,0
40.7299,-73.9916,0
40.7614,-73.9726,0
40.7335,-74.0064,0
40.7263,-74.009,0
40.748,-73.9809,0
40.7637,-73.9754,0
40.7539,-73.9844,0
40.7593,-73.98,0
40.7503,-73.9718,0
40.7494,-73.9923,0
40.7589,-73.9722,0
40.7371,-74.0014,0
40.7292,-74.0025,0
40.7495,-73.9918,0
40.78,-73.9609,0
40.7709,-73.8658,3
40.7681,-73.9666,0
40.7118,-74.0055,0
40.7331,-73.9928,0
40.7478,-74.0046,0
40.718,-74.0148,0
40.7571,-73.9835,0
40.7639,-73.9782,0
40.7213,-73.9877,0
40.6901,-73.9802,2
40.7411,-73.9878,0
40.7382,-73.9855,0
40.7551,-73.9651,0
40.7288,-74.0347,4
40.7348,-73.9966,0
40.745,-73.9886,0
40.794,-73.9667,0
40.7233,-73.9997,0
40.7606,-73.991,0
40.7406,-74.0057,0
40.7535,-73.9851,0
40.7236,-74.0112,0
40.7443,-74.0355,5
40.7421,-73.9911,0
40.8272,-73.9251,-1
40.6227,-74.0282,-1
40.7649,-73.9665,0
40.75,-74.0056,0
40.7266,-74.0013,0
40.7198,-73.9857,0
40.7423,-74.0044,0
40.7475,-74.0366,5
40.6671,-73.662,-1
40.7882,-73.9763,0
40.7537,-73.9771,0
40.7667,-73.9868,0
40.7549,-73.9637,0
40.7709,-73.8658,3
40.7489,-73.9729,0
40.7735,-73.9571,0
40.732,-73.9881,0
40.7823,-73.9729,0
40.6945,-74.1777,6
40.7586,-73.9814,0
40.7274,-73.9937,0
40.7327,-73.9884,0
40.732,-74.0076,0
40.7732,-73.9581,0
40.7346,-74.0013,0
40.7386,-73.9875,0
40.7035,-74.0116,0
40.7418,-73.9763,0
40.7432,-73.9934,0
40.7424,-74.0043,0
40.7493,-73.9754,0
40.7287,-73.9877,0
40.756,-73.989,0
40.7188,-74.034,4
40.7697,-73.9516,0
40.7246,-73.9996,0
40.7349,-73.9886,0
40.7247,-74.0078,0
40.7766,-73.9626,0
40.7479,-73.9853,0
40.7025,-73.9847,2
40.8804,-73.8838,-1
40.7217,-73.958,1
40.7771,-73.9463,0
40.7637,-73.9786,0
40.7868,-73.981,0
40.7404,-73.982,0
40.7222,-73.9917,0
40.777,-73.9822,0
40.735,-73.989,0
40.7344,-73.9898,0
40.7274,-73.9935,0
40.7932,-73.9747,0
40.7566,-73.9823,0
40.7264,-74.0058,0
40.7842,-73.9568,0
40.7772,-73.9552,0
40.7699,-73.9589,0
40.762,-73.9675,0
40.7256,-74.0043,0
40.7287,-74.0002,0
40.6956,-74.1784,6
40.7428,-73.9927,0
40.7691,-73.9852,0
40.7175,-74.0154,0
40.7236,-73.9822,0
40.7644,-73.9729,0
40.7648,-73.9811,0
40.739,-74.0081,0
40.7167,-74.0093,0
40.742,-74.0038,0
40.7404,-73.9966,0
40.7686,-73.9574,0
40.7047,-74.0118,0
40.7413,-74.0014,0
40.7407,-73.9837,0
40.7417,-73.9856,0
40.7648,-73.9685,0
40.7459,-73.9801,0
40.7597,-73.9768,0
40.735,-73.9942,0
40.7663,-73.9685,0
40.7338,-73.9431,-1
40.9595,-74.0347,-1
40.7506,-73.9393,7
40.7195,-74.0042,0
40.726,-74.0055,0
40.7633,-73.9741,0
40.7306,-74.009,0
40.7591,-73.9747,0
40.7496,-73.9953,0
40.6658,-73.9573,-1
40.763,-73.9695,0
40.773,-73.9647,0
40.761,-73.9733,0
40.7376,-74.0033,0
40.7699,-73.8644,3
40.7479,-73.9809,0
40.7436,-74.0035,0
40.7545,-73.9865,0
40.778,-73.9781,0
40.7712,-73.9595,0
40.7544,-73.9834,0
40.8563,-73.9692,-1
40.7739,-73.8715,3
40.7297,-73.9848,0
40.7631,-73.9718,0
40.7602,-73.973,0
40.7522,-73.9856,0
40.7591,-73.9723,0
40.7644,-73.9634,0
40.7092,-74.0161,0
40.7447,-73.972,0
40.7377,-74.0096,0
40.7213,-73.9936,0
40.7567,-73.9902,0
40.78,-73.947,0
40.7392,-73.9913,0
40.7249,-74.0077,0
40.8018,-73.9669,0
40.748,-73.9915,0
40.7231,-74.0,0
40.7684,-73.8625,3
40.7334,-73.9799,0
40.7375,-74.0092,0
40.7288,-73.99,0
40.7395,-74.0078,0
40.7983,-73.9527,0
40.6217,-73.9291,-1
40.7593,-73.9809,0
40.7095,-73.9609,1
40.7616,-73.973,0
40.7516,-73.9822,0
40.7514,-73.9822,0
40.741,-73.9847,0
40.7323,-73.9947,0
40.775,-73.9628,0
40.7591,-73.996,0
40.7683,-73.8621,3
40.7571,-73.9775,0
40.6928,-73.937,-1
40.7358,-73.9938,0
40.785,-73.9707,0
40.7685,-73.8624,3
40.7279,-73.9862,0
40.7408,-73.9975,0
40.7498,-74.0062,0
40.7483,-74.0056,0
40.7434,-74.0073,0
40.7595,-73.9874,0
40.7546,-73.9736,0
40.8547,-73.8884,-1
40.7793,-73.9774,0
40.745,-73.9922,0
40.7277,-73.9927,0
40.7596,-73.9855,0
40.8725,-73.8931,-1
40.7686,-73.9578,0
40.7427,-74.038,5
40.6947,-74.1773,6
40.7708,-73.9799,0
40.6882,-73.9467,-1
40.7512,-73.9756,0
40.7745,-73.9639,0
40.7541,-73.9872,0
40.776,-73.9573,0
40.7575,-73.9846,0
40.7615,-73.9939,0
40.6895,-73.9693,2
40.7268,-73.9997,0
40.7505,-73.9768,0
40.753,-74.0238,5
40.7717,-73.9825,0
40.7265,-74.0024,0
40.7561,-73.973,0
40.7832,-73.9566,0
40.7113,-74.0063,0
40.7618,-73.9752,0
40.7367,-73.9892,0
40.7353,-73.9879,0
40.7331,-73.9999,0
40.6959,-73.994,2
40.7613,-73.983,0
40.7578,-73.9739,0
40.715,-74.0117,0
40.7061,-74.018,0
40.7108,-74.0053,0
40.7694,-73.9832,0
40.714,-74.0149,0
40.755,-73.9625,0
40.7569,-73.9655,0
40.7665,-73.9671,0
40.7171,-74.0329,4
40.7637,-73.9762,0
40.7624,-73.9724,0
40.7524,-73.9838,0
40.7365,-74.03,5
40.8368,-73.9376,-1
40.6933,-73.9876,2
40.7396,-74.0026,0
40.7504,-73.9946,0
40.7641,-73.9788,0
40.7341,-74.0096,0
40.7549,-73.992,0
40.7645,-73.9689,0
40.7524,-73.9775,0
40.7433,-73.982,0
40.645,-73.7819,8
40.7236,-73.994,0
40.7646,-73.9707,0
40.7493,-73.984,0
40.7762,-73.98,0
40.7376,-74.0081,0
40.7526,-74.0038,0
40.7059,-74.0084,0
40.8232,-73.9424,-1
40.7741,-73.982,0
40.7525,-74.0075,0
40.8132,-74.2143,-1
40.7651,-73.9612,0
40.7552,-73.977,0
40.7219,-74.0099,0
40.7236,-73.951,1
40.7593,-73.9834,0
40.7519,-73.9772,0
40.7557,-73.9792,0
40.7709,-73.8659,3
40.7461,-73.9963,0
40.7393,-73.987,0
40.7256,-74.0056,0
40.7534,-73.976,0
40.7458,-74.0072,0
40.7598,-73.9787,0
40.7819,-73.9833,0
40.7562,-73.9829,0
40.7697,-73.9626,0
40.7804,-73.9759,0
40.724,-74.0045,0
40.7633,-73.9666,0
40.7637,-73.9961,0
40.722,-74.0117,0
40.7303,-73.9926,0
40.7333,-74.0094,0
40.8036,-73.9578,0
40.7394,-74.0067,0
40.7633,-73.9815,0
40.7488,-74.0021,0
40.722,-74.0041,0
40.7461,-73.9829,0
40.6916,-73.9677,2
40.7219,-74.0072,0
40.72,-74.0095,0
40.7673,-73.996,0
40.7321,-73.996,0
40.753,-73.9854,0
40.6448,-73.7822,8
40.7685,-73.8625,3
40.7546,-73.9797,0
40.7759,-73.9571,0
40.7538,-73.9835,0
40.7535,-74.0,0
40.7699,-73.8644,3
40.7551,-73.9796,0
40.7702,-73.8648,3
40.7355,-73.9966,0
40.7956,-73.8212,-1
40.7589,-73.977,0
40.7588,-73.9692,0
40.8141,-73.9525,-1
40.7586,-73.9744,0
40.7537,-73.9678,0
40.6872,-73.9937,2
40.7309,-74.0321,4
40.7582,-73.9691,0
40.7454,-73.9715,0
40.74,-74.0059,0
40.7512,-73.9749,0
40.7203,-74.0469,4
40.7553,-73.9754,0
40.7229,-74.0022,0
40.7348,-74.0536,-1
40.7334,-74.164,-1
40.78,-73.975,0
40.7533,-73.978,0
40.7289,-74.0071,0
40.7244,-73.9976,0
40.7198,-73.9894,0
40.781,-73.9796,0
40.7248,-74.0024,0
40.7572,-73.9823,0
40.725,-73.9933,0
40.7449,-73.9891,0
40.6775,-73.9468,-1
40.7838,-73.9758,0
40.7439,-73.9857,0
40.728,-74.0001,0
40.7424,-73.9921,0
40.7224,-74.0105,0
40.7177,-74.0475,4
40.7235,-74.0088,0
40.7554,-73.9681,0
40.7553,-73.9838,0
40.74,-73.9741,0
40.7736,-73.9626,0
40.7666,-73.9915,0
40.7489,-74.0275,5
40.7348,-73.9799,0
40.7495,-73.9774,0
40.7376,-74.004,0
40.7473,-73.9794,0
40.72,-74.0104,0
40.7246,-73.9906,0
40.6266,-73.9174,-1
40.745,-73.9919,0
40.7633,-73.9806,0
40.7347,-73.9946,0
40.7601,-73.9629,0
40.7436,-73.9906,0
40.7602,-73.9877,0
40.7045,-74.0087,0
40.7595,-73.9869,0
40.7169,-74.0124,0
40.7301,-73.9977,0
40.7329,-73.9978,0
40.763,-73.9719,0
40.7688,-73.863,3
40.7554,-73.9687,0
40.7304,-74.0076,0
40.7403,-73.9962,0
40.7436,-73.9788,0
40.7319,-73.9966,0
40.763,-73.9564,0
40.7649,-73.9539,0
40.753,-73.9837,0
40.7208,-73.958,1
40.7615,-73.9842,0
40.7839,-73.9703,0
40.7245,-73.9995,0
40.7559,-73.9635,0
40.734,-73.9897,0
40.7406,-74.0357,5
40.645,-73.7819,8
40.7704,-73.9858,0
40.7143,-73.987,0
40.776,-73.9593,0
40.7373,-73.9906,0
40.7514,-73.9783,0
40.7633,-73.9716,0
40.7189,-74.0343,4
40.7396,-73.9889,0
40.7354,-73.9856,0
40.8066,-73.9421,0
40.7357,-74.0314,5
40.7777,-73.959,0
40.7551,-73.971,0
40.7574,-73.9716,0
40.7419,-74.0036,0
40.7149,-73.9444,1
40.7087,-74.0151,0
40.7421,-73.9966,0
40.7557,-73.9732,0
40.7753,-73.9629,0
40.7386,-73.9865,0
40.7394,-74.008,0
40.7176,-74.0057,0
40.755,-73.9726,0
40.754,-73.9424,7
40.6878,-74.1817,6
40.7783,-73.9585,0
40.6467,-73.7904,8
40.7533,-73.9783,0
40.7106,-73.9876,0
40.7367,-73.9907,0
40.7381,-74.0085,0
40.7473,-73.9723,0
40.7483,-74.0056,0
40.7741,-73.8724,3
40.751,-74.0021,0
40.7069,-74.0164,0
40.7451,-73.9771,0
40.7538,-73.97,0
40.7181,-73.964,1
40.7669,-73.9824,0
40.707,-74.0091,0
40.6417,-73.789,8
40.7464,-73.9313,-1
40.742,-73.9893,0
40.7892,-73.9431,0
40.7584,-73.973,0
40.7254,-74.0069,0
40.7557,-73.9862,0
40.7427,-73.9921,0
40.7272,-74.0349,4
40.7498,-73.9796,0
40.7569,-73.9834,0
40.7322,-73.9863,0
40.7595,-73.976,0
40.774,-73.9647,0
40.809,-73.9656,0
40.741,-74.0077,0
40.7744,-74.0149,-1
40.7459,-73.9819,0
40.7637,-73.9658,0
40.7524,-73.9822,0
40.7474,-74.0014,0
40.7695,-73.9826,0
40.7655,-73.9677,0
40.78,-73.9598,0
40.7239,-73.9992,0
40.7469,-73.9868,0
40.7857,-73.9702,0
40.688,-73.9974,2
40.7316,-73.9182,-1
40.7752,-73.9636,0
40.7244,-74.0016,0
40.7339,-74.0018,0
40.7831,-73.9529,0
40.7687,-73.9601,0
40.7538,-73.9961,0
40.6408,-73.7323,-1
40.7689,-73.8625,3
40.7265,-73.9918,0
40.783,-73.9751,0
40.7325,-74.0102,0
40.7494,-74.0245,5
40.7137,-74.0089,0
40.7793,-73.9611,0
40.7638,-73.9758,0
40.7618,-73.9726,0
40.6878,-74.1823,6
40.7576,-73.9729,0
40.7214,-73.8435,-1
40.7043,-74.0108,0
40.7652,-73.9825,0
40.7395,-74.0068,0
40.7511,-74.0286,5
40.7588,-73.9731,0
40.7657,-73.972,0
40.7148,-74.0095,0
40.7157,-74.0332,4
40.6808,-73.9945,2
40.7419,-74.004,0
40.743,-73.9772,0
40.7442,-73.9956,0
40.7677,-73.9832,0
40.7256,-74.0056,0
40.7382,-73.9321,-1
40.7413,-74.0022,0
40.6916,-74.177,6
40.9487,-73.7926,-1
40.6448,-73.7823,8
40.7333,-74.0046,0
40.7919,-73.1936,-1
40.7759,-73.9614,0
40.7701,-73.966,0
40.7607,-73.9794,0
40.756,-73.9967,0
40.7302,-74.0069,0
40.7413,-74.0023,0
40.6445,-73.7832,8
40.7337,-73.9927,0
40.7686,-73.9874,0
40.77,-73.9553,0
40.7214,-73.9886,0
40.7524,-73.9817,0
40.7597,-73.9717,0
40.7582,-73.9623,0
40.785,-73.9827,0
40.7459,-73.9878,0
40.774,-73.8717,3
40.749,-73.9777,0
40.7581,-73.9897,0
40.7631,-73.9844,0
40.7668,-73.9872,0
40.772,-73.9597,0
40.7681,-73.9826,0
40.7442,-73.9854,0
40.7155,-73.9981,0
40.7282,-73.9868,0
40.7251,-74.0077,0
40.7516,-73.9756,0
40.7198,-73.9943,0
40.7717,-73.9652,0
40.7732,-73.963,0
40.7621,-73.9704,0
40.7495,-73.9954,0
40.7097,-74.0045,0
40.7386,-73.9855,0
40.7587,-73.9702,0
40.7517,-73.9787,0
40.7317,-74.0014,0
40.6449,-73.7822,8
40.7716,-73.9489,0
40.6461,-73.7905,8
40.7299,-73.9751,0
40.742,-74.0042,0
40.7296,-73.9985,0
40.7822,-73.9753,0
40.7422,-74.0042,0
40.7805,-73.9548,0
40.7733,-73.9514,0
40.721,-73.9811,0
40.7754,-73.9649,0
40.7249,-73.9991,0
40.7514,-73.994,0
40.7516,-73.982,0
40.7226,-74.0073,0
40.7592,-73.965,0
40.7663,-73.9868,0
40.7769,-73.9776,0
40.783,-73.9758,0
40.7355,-74.0039,0
40.7261,-73.9895,0
40.7806,-73.9457,0
40.7721,-73.9522,0
40.748,-73.9883,0
40.7407,-73.9932,0
40.7467,-73.992,0
40.7412,-73.9878,0
40.7647,-73.9794,0
40.7644,-73.953,0
40.7521,-73.9937,0
40.734,-74.0003,0
40.7828,-73.9575,0
40.7463,-73.9911,0
40.7713,-73.8676,3
40.7582,-73.9921,0
40.8021,-73.9369,-1
40.7771,-73.9855,0
40.7791,-73.9623,0
40.7277,-73.9943,0
40.7722,-73.9468,0
40.7795,-73.988,0
40.7511,-73.985,0
40.7532,-73.9782,0
40.765,-73.9799,0
40.7705,-73.9625,0
40.722,-73.9968,0
40.7249,-73.9806,0
40.7659,-73.952,0
40.7666,-73.9707,0
40.7745,-73.9638,0
40.7328,-73.992,0
40.7196,-74.0106,0
40.7297,-73.7875,-1
40.7059,-74.0084,0
40.7651,-73.9531,0
40.7607,-73.9707,0
40.7402,-73.9948,0
40.7563,-73.9801,0
40.7325,-73.9968,0
40.703,-74.011,0
40.7174,-73.9998,0
40.7386,-73.9856,0
40.7644,-73.9874,0
40.71,-74.0095,0
40.7387,-73.9959,0
40.7233,-74.0062,0
40.7563,-73.9748,0
40.7199,-74.0101,0
40.7807,-73.9798,0
40.7646,-73.9783,0
40.7141,-74.0095,0
40.771,-73.866,3
40.6741,-73.9687,2
40.7282,-74.003,0
40.7726,-73.9625,0
40.7469,-73.9964,0
40.7591,-73.9766,0
40.7759,-73.9613,0
40.7447,-74.0394,5
40.7437,-73.9887,0
40.7749,-73.9629,0
40.6804,-73.9948,2
40.7639,-73.9762,0
40.7409,-73.9958,0
40.7322,-73.9963,0
40.7465,-74.029,5
40.7545,-73.971,0
40.7498,-73.9795,0
40.7577,-73.9749,0
40.7383,-74.0306,5
40.7367,-74.035,5
40.7703,-73.9619,0
40.7403,-74.0061,0
40.7142,-74.0077,0
40.7447,-73.9914,0
40.7645,-73.9728,0
40.7429,-73.9927,0
40.7585,-73.9613,0
40.8012,-73.9676,0
40.6417,-73.7889,8
40.7402,-74.0021,0
40.7001,-73.8308,-1
40.7474,-73.9933,0
40.743,-74.0082,0
40.691,-74.178,6
40.726,-73.9949,0
40.737,-74.0022,0
40.7739,-73.8724,3
40.7615,-73.9751,0
40.7305,-74.0082,0
40.7377,-73.9808,0
40.7585,-73.9772,0
40.7091,-74.0094,0
40.7883,-73.9807,0
40.709,-74.0118,0
40.7614,-73.9702,0
40.7065,-74.0128,0
40.7274,-74.0053,0
40.751,-74.0019,0
40.761,-73.969,0
40.7267,-73.986,0
40.7499,-74.0049,0
40.7396,-74.0302,5
40.7373,-74.031,5
40.7646,-73.9772,0
40.7735,-73.9079,-1
40.7184,-73.9995,0
40.695,-74.1782,6
40.787,-73.942,0
40.7797,-73.9554,0
40.7138,-74.0414,4
40.8464,-73.9385,-1
40.7591,-73.9723,0
40.749,-73.9909,0
40.7414,-73.9848,0
40.7249,-73.9873,0
40.7398,-73.987,0
40.6253,-73.9672,-1
40.7256,-74.0054,0
40.6929,-73.9863,2
40.75,-73.9786,0
40.7619,-73.9675,0
40.769,-73.9854,0
40.7406,-74.0056,0
40.7401,-73.9855,0
40.7224,-73.997,0
40.6625,-74.3456,-1
40.6951,-74.1784,6
40.7303,-73.9937,0
40.7626,-73.9772,0
40.7415,-74.0029,0
40.8483,-74.451,-1
40.7193,-73.9995,0
40.7607,-73.9859,0
40.9181,-74.0744,-1
40.758,-73.9682,0
40.7767,-73.9487,0
40.6862,-73.9701,2
40.7082,-74.0096,0
40.7644,-73.9806,0
40.7223,-74.0114,0
40.7207,-74.0019,0
40.7695,-73.9599,0
40.6946,-74.1777,6
40.7901,-73.9744,0
40.7963,-73.9736,0
40.7554,-73.9824,0
40.7291,-74.0023,0
40.7651,-73.9533,0
40.7527,-73.9811,0
40.7697,-73.9486,0
40.7246,-74.0354,4
40.787,-73.9537,0
40.7424,-74.0361,5
40.692,-73.993,2
40.762,-73.9855,0
40.7264,-74.0021,0
40.7305,-73.9934,0
40.7772,-73.9613,0
40.7308,-73.9782,0
40.7235,-73.9977,0
40.774,-73.8724,3
40.757,-73.9778,0
40.7266,-74.0002,0
40.731,-73.9904,0
40.7747,-73.9911,0
40.7443,-74.0297,5
40.7407,-74.0076,0
40.6482,-73.7827,8
40.7484,-73.9927,0
40.7149,-74.0114,0
40.7191,-74.0016,0
40.8308,-73.9202,-1
40.7198,-74.0076,0
40.7622,-73.9681,0
40.7216,-73.9978,0
40.739,-73.9947,0
40.7081,-74.0062,0
40.7642,-73.9739,0
40.726,-73.9974,0
40.7117,-74.0067,0
40.7538,-73.9886,0
40.7614,-73.967,0
40.751,-73.9848,0
40.7521,-73.9816,0
40.7444,-73.9842,0
40.7223,-73.9992,0
40.7762,-73.9622,0
40.7367,-73.9787,0
40.7586,-73.9866,0
40.737,-74.0076,0
40.7449,-73.9871,0
40.7105,-74.0171,0
40.7741,-73.9629,0
40.7527,-74.0065,0
40.754,-73.9835,0
40.73,-74.0083,0
40.7595,-73.9919,0
40.7172,-74.0047,0
40.7449,-73.9888,0
40.7548,-73.9841,0
40.7523,-73.9675,0
40.7169,-74.0147,0
40.7579,-73.9877,0
40.7705,-73.8653,3
40.779,-73.9559,0
40.7787,-73.9616,0
40.7746,-73.982,0
40.7405,-74.0002,0
40.7582,-73.9901,0
40.7213,-73.999,0
40.7927,-73.9192,-1
40.7441,-73.9856,0
40.7501,-73.9981,0
40.7385,-74.0393,5
40.7741,-73.8727,3
40.7501,-73.9835,0
40.7334,-73.997,0
40.7429,-74.0079,0
40.7459,-73.8472,-1
40.7246,-73.9986,0
40.7739,-73.8727,3
40.7419,-73.9971,0
40.7731,-73.9503,0
40.7497,-74.0065,0
40.6951,-74.1787,6
40.7887,-73.9774,0
40.7372,-73.9967,0
40.814,-73.9602,0
40.7533,-74.0309,5
40.7545,-73.9695,0
40.7755,-73.9443,0
40.7223,-73.9983,0
40.7648,-73.9784,0
40.7265,-73.997,0
40.7764,-73.9485,0
40.8722,-74.0626,-1
40.6686,-73.8157,-1
40.7658,-73.9687,0
40.7564,-73.9694,0
40.7612,-73.9855,0
40.7499,-73.9814,0
40.7654,-73.9755,0
40.7488,-73.9908,0
40.7529,-74.0039,0
40.7434,-73.9839,0
40.7168,-73.9937,0
40.779,-73.9581,0
40.7415,-74.0067,0
40.7522,-73.9681,0
40.758,-73.9602,0
40.7464,-73.9952,0
40.753,-73.9668,0
40.7237,-74.0061,0
40.6916,-74.1771,6
40.7492,-74.0035,0
40.7167,-74.0038,0
40.7384,-73.9854,0
40.7281,-73.9845,0
40.7478,-73.8839,-1
40.7223,-73.9984,0
40.8861,-73.8974,-1
40.7049,-73.9489,1
40.7749,-73.9912,0
40.7493,-73.9807,0
40.7791,-73.9575,0
40.7861,-73.9772,0
40.7392,-73.9991,0
40.774,-73.8721,3
40.7627,-73.9693,0
40.7187,-73.9976,0
40.766,-73.9891,0
40.7678,-73.9678,0
40.7107,-74.0051,0
40.7511,-73.9905,0
40.7665,-73.9784,0
40.7308,-73.9919,0
40.7627,-73.9653,0
40.7645,-73.9644,0
40.7415,-73.9866,0
40.7652,-73.9617,0
40.8061,-73.9527,0
40.7498,-73.9754,0
40.7455,-73.9909,0
40.7545,-73.9881,0
40.7303,-74.0004,0
40.7604,-73.9875,0
40.771,-73.866,3
40.769,-73.9567,0
40.7658,-73.9867,0
40.7231,-73.9941,0
40.7151,-74.0113,0
40.7684,-73.8624,3
40.7261,-73.9918,0
40.6448,-73.7825,8
40.7221,-73.9973,0
40.693,-74.1863,6
40.7146,-73.9844,0
40.731,-73.9952,0
40.7261,-74.0098,0
40.7417,-73.9974,0
40.75,-73.9791,0
40.741,-73.9816,0
40.6754,-73.9888,2
40.7185,-74.0041,0
40.741,-74.0366,5
40.7505,-73.9945,0
40.7709,-73.8658,3
40.7488,-74.002,0
40.7414,-73.9777,0
40.776,-73.9614,0
40.741,-73.9925,0
40.7214,-73.9988,0
40.7482,-73.9807,0
40.8645,-73.8683,-1
40.765,-73.9789,0
40.7877,-73.9732,0
40.7734,-73.9449,0
40.7222,-73.9576,1
40.7338,-73.9884,0
40.7051,-73.9205,-1
40.7893,-74.0448,-1
40.7829,-73.9553,0
40.646,-73.7768,8
40.7214,-73.9877,0
40.7551,-73.9827,0
40.7424,-73.999,0
40.7754,-74.2214,-1
40.7284,-74.0074,0
40.6561,-73.9436,-1
40.751,-74.0043,0
40.765,-73.9671,0
40.7609,-73.9734,0
40.774,-73.8716,3
40.7742,-73.8727,3
40.7857,-73.9547,0
40.7563,-73.9784,0
40.7534,-73.979,0
40.7267,-73.9861,0
40.7192,-73.9907,0
40.7327,-73.9955,0
40.7376,-73.9972,0
40.764,-73.9753,0
40.7841,-73.9784,0
40.7469,-73.9731,0
40.7566,-73.9698,0
40.7818,-73.956,0
40.7271,-73.9888,0
40.7249,-74.0093,0
40.7484,-74.0019,0
40.7113,-73.8272,-1
40.7361,-73.9938,0
40.7525,-73.9686,0
40.7577,-73.9737,0
40.7221,-73.9952,0
40.7217,-73.9581,1
40.7778,-73.9517,0
40.7438,-73.9838,0
40.7193,-74.0019,0
40.6949,-74.178,6
40.7594,-73.9874,0
40.7507,-73.979,0
40.7744,-73.9455,0
40.7381,-74.0087,0
40.7689,-73.9667,0
40.7418,-74.0075,0
40.7725,-73.9627,0
40.7589,-73.9725,0
40.7255,-74.0057,0
40.7149,-74.0136,0
40.718,-73.958,1
40.7598,-73.9771,0
40.7697,-73.9808,0
40.7413,-73.9947,0
40.7385,-73.9918,0
40.7469,-73.9847,0
40.7608,-73.9789,0
40.6881,-74.1807,6
40.7274,-73.9952,0
40.7434,-73.9853,0
40.7798,-73.96,0
40.7198,-74.0107,0
40.6953,-74.1782,6
40.7784,-73.9627,0
40.724,-74.0035,0
40.6832,-73.9746,2
40.7462,-74.0082,0
40.7376,-74.0088,0
40.7771,-73.9779,0
40.7219,-74.0728,-1
40.7111,-74.0059,0
40.7892,-73.953,0
40.769,-73.9812,0
40.7475,-73.9784,0
40.7312,-74.0098,0
40.7508,-73.9765,0
40.7668,-73.9844,0
40.7318,-73.9968,0
40.7593,-73.9611,0
40.6523,-74.1232,-1
40.7211,-74.0005,0
40.758,-73.969,0
40.7473,-74.0009,0
40.7658,-73.9787,0
40.7528,-74.0076,0
40.7343,-73.9991,0
40.7313,-74.0001,0
40.6448,-73.7827,8
40.7415,-73.9988,0
40.6576,-74.0045,-1
40.694,-73.9413,-1
40.688,-73.9993,2
40.766,-73.9948,0
40.752,-73.9732,0
40.7228,-74.0082,0
40.752,-74.0243,5
40.708,-74.0125,0
40.7557,-73.9793,0
40.762,-73.9725,0
40.7457,-73.9802,0
40.7642,-73.9738,0
40.7582,-73.9842,0
40.7842,-73.9702,0
40.7395,-73.9941,0
40.727,-73.9965,0
40.7603,-73.9971,0
40.749,-73.9924,0
40.8096,-73.959,0
40.7621,-73.9734,0
40.7739,-73.9838,0
40.7552,-73.9674,0
40.7419,-73.9894,0
40.7606,-73.9718,0
40.6769,-73.9699,2
40.7066,-74.0093,0
40.7524,-73.9932,0
40.764,-73.9704,0
40.7466,-73.9303,-1
40.7203,-74.0055,0
40.7407,-73.9859,0
40.7324,-73.9971,0
40.7565,-73.9782,0
40.734,-73.9807,0
40.7438,-73.9852,0
40.8446,-74.0663,-1
40.7553,-73.9789,0
40.7235,-73.9965,0
40.7792,-73.9556,0
40.7117,-74.0104,0
40.7193,-73.9972,0
40.7305,-73.9907,0
40.6951,-74.1783,6
40.7717,-73.982,0
40.7723,-73.8941,10
40.7692,-73.996,0
40.7605,-73.97,0
40.707,-74.0045,0
40.7556,-73.968,0
40.7512,-73.9707,0
40.7575,-73.9762,0
40.748,-74.0044,0
40.7379,-73.9838,0
40.7565,-74.0014,0
40.7206,-73.9979,0
40.7927,-73.977,0
40.7624,-73.9884,0
40.6801,-73.9838,2
40.7698,-73.9586,0
40.7524,-73.9752,0
40.7376,-74.0037,0
40.7649,-73.9771,0
40.7704,-73.9621,0
40.7068,-74.0052,0
40.7733,-73.9649,0
40.7421,-73.9998,0
40.7562,-73.9785,0
40.7396,-74.0062,0
40.7505,-73.9737,0
40.7359,-74.0288,5
40.7847,-73.9795,0
40.7304,-74.0066,0
40.76,-73.9861,0
40.7504,-73.9739,0
40.769,-73.9927,0
40.773,-73.9888,0
40.7141,-73.9555,1
40.756,-73.9928,0
40.6946,-74.1769,6
40.7819,-73.9572,0
40.7043,-74.0114,0
40.7626,-73.9679,0
40.7422,-74.0047,0
40.7363,-73.997,0
40.7537,-73.9703,0
40.7412,-74.0062,0
40.8174,-74.1302,-1
40.7438,-74.0063,0
40.7475,-74.0057,0
40.7301,-74.0023,0
40.7435,-73.9848,0
40.7581,-73.9721,0
40.7579,-73.9873,0
40.7657,-73.9825,0
40.7366,-73.9975,0
40.7636,-73.9754,0
40.7692,-73.9829,0
40.7736,-73.9641,0
40.7515,-73.994,0
40.7349,-74.0002,0
40.762,-73.9677,0
40.7614,-73.969,0
40.7572,-73.9627,0
40.7289,-73.9992,0
40.7793,-73.9472,0
40.7201,-74.0099,0
40.7251,-73.9969,0
40.7505,-73.9937,0
40.7347,-74.0094,0
40.7113,-73.9611,1
40.7508,-73.9785,0
40.7409,-73.9936,0
40.7584,-73.9705,0
40.7609,-73.9906,0
40.759,-73.9705,0
40.7223,-73.9832,0
40.7432,-73.9529,-1
40.6949,-74.1773,6
40.7511,-74.0267,5
40.7531,-73.9791,0
40.7408,-73.982,0
40.7183,-73.9893,0
40.7417,-74.0042,0
40.7346,-74.0099,0
40.7405,-74.0066,0
40.7269,-73.9853,0
40.7412,-73.991,0
40.7494,-74.0245,5
40.6686,-73.9763,-1
40.7602,-73.9851,0
40.7601,-73.9757,0
40.7459,-74.0039,0
40.7805,-73.9481,0
40.7575,-73.9846,0
40.7616,-73.9831,0
40.7665,-73.9607,0
40.7444,-73.9832,0
40.6765,-73.9587,-1
40.737,-74.0023,0
40.6676,-73.9761,-1
40.6459,-73.7768,8
40.6239,-73.5985,-1
40.7367,-73.9888,0
40.7266,-74.0021,0
40.6991,-73.9884,2
40.7264,-73.9986,0
40.7424,-74.003,0
40.7174,-74.0127,0
40.7265,-74.0037,0
40.7658,-73.9814,0
40.7472,-73.9856,0
40.8743,-73.8865,-1
40.7564,-73.9857,0
40.6839,-73.9811,2
40.7187,-73.9976,0
40.7593,-73.9944,0
40.7319,-73.9834,0
40.7306,-74.0043,0
40.7277,-73.9912,0
40.7246,-73.9915,0
40.7089,-74.0163,0
40.7551,-73.9622,0
40.7364,-73.9909,0
40.7558,-73.962,0
40.7613,-73.9722,0
40.7442,-73.998,0
40.7255,-73.997,0
40.7863,-73.9559,0
40.755,-73.9942,0
40.78,-73.9786,0
40.7225,-73.9874,0
40.7359,-74.0058,0
40.7354,-73.9827,0
40.7842,-73.9482,0
40.7648,-73.9647,0
40.7315,-74.0004,0
40.7612,-73.9724,0
40.7308,-74.0068,0
40.7324,-73.9878,0
40.7607,-73.9847,0
40.7658,-73.9831,0
40.7317,-74.0015,0
40.6957,-73.9311,-1
40.776,-73.9762,0
40.7441,-73.984,0
40.7925,-73.9666,0
40.7594,-73.9873,0
40.7605,-73.9858,0
40.7653,-73.9752,0
40.645,-73.7819,8
40.7249,-74.0358,4
40.7547,-73.971,0
40.7094,-74.0137,0
40.7645,-73.9612,0
40.7386,-73.9882,0
40.7822,-73.9559,0
40.7535,-73.8916,-1
40.7062,-74.0169,0
40.7254,-73.984,0
40.7612,-73.9865,0
40.7626,-73.9907,0
40.721,-74.0043,0
40.7198,-74.0101,0
40.7706,-73.9911,0
40.7226,-74.0081,0
40.742,-74.0046,0
40.7848,-73.9536,0
40.7607,-73.9707,0
40.7197,-73.9857,0
40.7439,-73.9921,0
40.7413,-74.0073,0
40.8057,-73.9662,0
40.7481,-73.9807,0
40.7841,-73.9545,0
40.7613,-73.9794,0
40.7385,-73.9899,0
40.7301,-74.0004,0
40.7507,-73.9701,0
40.7095,-74.018,0
40.7528,-73.9856,0
40.765,-73.9806,0
40.7197,-74.0068,0
40.7143,-74.0152,0
40.762,-73.9741,0
40.6878,-73.9737,2
40.7336,-73.9879,0
40.7801,-73.9753,0
40.7864,-73.9719,0
40.7334,-74.0046,0
40.7805,-73.9759,0
40.8039,-73.9582,0
40.7672,-73.9967,0
40.7738,-73.9497,0
40.7566,-73.9881,0
40.7333,-74.0048,0
40.804,-73.9544,0
40.7226,-73.9971,0
40.7634,-73.9563,0
40.7862,-73.9799,0
40.7597,-73.9877,0
40.7399,-74.0059,0
40.7397,-73.9812,0
40.7714,-73.9656,0
40.742,-74.0038,0
40.7185,-74.0058,0
40.7684,-73.8624,3
40.7284,-74.0047,0
40.7703,-73.982,0
40.7351,-74.0099,0
40.7563,-73.9817,0
40.7727,-73.9816,0
40.767,-73.9838,0
40.7364,-73.9975,0
40.7842,-73.9708,0
40.7653,-73.9809,0
40.7623,-73.9771,0
40.7586,-73.989,0
40.7218,-73.9975,0
40.728,-73.9959,0
40.7227,-74.0045,0
40.7369,-73.9958,0
40.7813,-73.9517,0
40.7402,-73.994,0
40.7781,-73.9523,0
40.7056,-74.0068,0
40.7441,-73.9783,0
40.7672,-73.9605,0
40.7089,-73.7514,-1
40.7849,-73.9828,0
40.7435,-74.0075,0
40.777,-73.9498,0
40.7266,-73.9831,0
40.7651,-73.9693,0
40.7272,-73.9918,0
40.7572,-73.9841,0
40.6633,-73.9845,-1
40.7845,-73.9556,0
40.7674,-73.9586,0
40.746,-73.9791,0
40.7404,-74.0079,0
40.7249,-74.0358,4
40.7547,-73.9291,-1
40.7269,-73.9838,0
40.6878,-74.1819,6
40.7592,-73.9727,0
40.7264,-73.9934,0
40.746,-73.9885,0
40.6971,-73.9437,-1
40.7453,-73.994,0
40.9858,-74.0384,-1
40.7312,-74.0088,0
40.7661,-73.9693,0
40.7734,-73.9451,0
40.7816,-73.9602,0
40.7257,-73.9965,0
40.769,-73.9552,0
40.7396,-74.042,5
40.7785,-73.9612,0
40.7581,-73.9892,0
40.7662,-73.9916,0
40.7603,-73.9852,0
40.7585,-73.9772,0
40.8019,-73.9674,0
40.7383,-73.9932,0
40.7395,-74.0041,0
40.7486,-73.9848,0
40.7487,-73.9924,0
40.7444,-73.9749,0
40.7542,-73.992,0
40.7465,-73.9864,0
40.738,-73.9879,0
40.7527,-73.9856,0
40.7466,-74.0074,0
40.7666,-73.9784,0
40.7501,-74.0041,0
40.7418,-73.9923,0
40.7567,-73.9852,0
40.7312,-74.0093,0
40.7293,-73.9871,0
40.6984,-73.9089,-1
40.7712,-73.866,3
40.7414,-73.9963,0
40.7971,-73.9719,0
40.7566,-74.0014,0
40.732,-73.9982,0
40.7641,-73.9708,0
40.7715,-73.9614,0
40.7578,-74.0006,0
40.721,-74.0006,0
40.7615,-73.9751,0
40.7641,-73.9734,0
40.7837,-73.9503,0
40.7349,-73.995,0
40.6878,-74.1815,6
40.6773,-73.9916,2
40.759,-73.9803,0
40.7204,-73.9965,0
40.7634,-73.9733,0
40.7389,-74.0074,0
40.7542,-73.9841,0
40.7686,-73.962,0
40.8027,-73.9667,0
40.8054,-74.0775,-1
40.7249,-74.0077,0
40.6815,-73.9709,2
40.7704,-73.9581,0
40.7612,-73.9701,0
40.763,-73.9717,0
40.6456,-73.7767,8
40.7503,-73.9719,0
40.761,-73.9798,0
40.7664,-73.9607,0
40.764,-73.9863,0
40.7629,-73.9653,0
40.7274,-74.0088,0
40.7678,-73.9826,0
40.7599,-73.968,0
40.7971,-73.971,0
40.7043,-74.0092,0
40.7713,-73.9602,0
40.7376,-74.0317,5
40.7298,-73.9988,0
40.7553,-73.9868,0
40.7484,-73.9782,0
40.7557,-73.9704,0
40.7215,-74.0109,0
40.7544,-73.9634,0
40.7304,-73.9824,0
40.7102,-74.0062,0
40.7824,-73.9556,0
40.7323,-74.0077,0
40.7256,-74.0056,0
40.6234,-74.0048,-1
40.7382,-74.0082,0
40.7129,-74.01,0
40.8459,-73.9704,-1
40.6948,-74.178,6
40.7557,-73.9837,0
40.7826,-73.957,0
40.7834,-73.9526,0
40.7767,-73.961,0
40.7174,-73.9924,0
40.734,-73.9927,0
40.7446,-74.0045,0
40.7757,-73.9444,0
40.7432,-73.9914,0
40.7498,-74.0028,0
40.7408,-73.9973,0
40.7208,-74.0104,0
40.737,-74.0027,0
40.713,-74.0381,4
40.7361,-74.0302,5
40.7765,-73.96,0
40.7625,-73.9696,0
40.7596,-73.9699,0
40.7637,-73.9738,0
40.7234,-74.0036,0
40.778,-73.9886,0
40.6952,-74.1776,6
40.7845,-74.0747,-1
40.7437,-73.8899,-1
40.7653,-73.9679,0
40.7499,-74.0279,5
40.7429,-73.9849,0
40.7529,-73.9727,0
40.7688,-73.9876,0
40.753,-73.9797,0
40.7803,-73.9597,0
40.7202,-73.997,0
40.7792,-73.979,0
40.7789,-73.9557,0
40.7206,-74.0407,4
40.7446,-73.9738,0
40.7785,-73.9861,0
40.7394,-73.9903,0
40.6933,-73.9877,2
40.7856,-73.9728,0
40.7447,-73.9567,-1
40.768,-73.9962,0
40.7515,-73.993,0
40.7633,-73.9596,0
40.7392,-73.9876,0
40.7554,-73.9764,0
40.7584,-73.9731,0
40.7745,-73.9518,0
40.7596,-73.9726,0
40.775,-73.9837,0
40.7246,-74.0007,0
40.7052,-74.0074,0
40.7457,-73.9914,0
40.7541,-73.9778,0
40.717,-74.0039,0
40.7484,-74.0019,0
40.672,-73.9555,-1
40.7441,-73.9839,0
40.7348,-73.9794,0
40.7575,-73.9846,0
40.7662,-73.9792,0
40.6482,-73.9676,-1
40.7551,-73.9753,0
40.745,-73.9919,0
40.7255,-74.0358,4
40.688,-74.183,6
40.6887,-73.975,2
40.7416,-73.9852,0
40.7301,-73.9858,0
40.7687,-74.0244,-1
40.7613,-73.9709,0
40.7662,-73.966,0
40.6605,-73.9803,-1
40.7263,-74.002,0
40.7027,-73.995,2
40.756,-73.9752,0
40.6835,-73.9757,2
40.7534,-73.9884,0
40.7501,-74.0348,5
40.758,-73.9707,0
40.7274,-73.9906,0
40.7692,-73.9591,0
40.7753,-73.9917,0
40.7259,-73.9888,0
40.7542,-73.9688,0
40.6459,-73.7768,8
40.7268,-74.0065,0
40.77,-73.9626,0
40.7612,-73.9696,0
40.7689,-73.9848,0
40.8841,-73.8491,-1
40.7685,-73.8626,3
40.7171,-73.955,1
40.7768,-73.9773,0
40.7337,-73.9953,0
40.7103,-74.1571,-1
40.7334,-73.9969,0
40.7286,-74.0071,0
40.7358,-74.0288,5
40.753,-73.9791,0
40.7541,-73.7563,-1
40.7464,-73.9779,0
40.7433,-73.9859,0
40.7806,-73.9589,0
40.7573,-73.9827,0
40.7684,-73.8624,3
40.7071,-73.9452,1
40.7328,-73.9815,0
40.7274,-74.0072,0
40.7389,-73.9908,0
40.7597,-73.9759,0
40.7069,-74.0161,0
40.6547,-73.9129,-1
40.7404,-74.028,5
40.7654,-73.9817,0
40.6932,-73.9888,2
40.752,-73.9948,0
40.7658,-73.9707,0
40.771,-73.8659,3
40.7386,-73.9977,0
40.7371,-74.0004,0
40.7779,-73.9777,0
40.7341,-74.0039,0
40.7208,-74.01,0
40.7349,-74.006,0
40.7813,-73.9599,0
40.741,-73.9956,0
40.7578,-73.9893,0
40.7518,-73.9846,0
40.7706,-73.9567,0
40.7606,-73.9744,0
40.7602,-73.9719,0
40.7497,-73.9951,0
40.7591,-73.9944,0
40.7279,-73.9911,0
40.7641,-73.9747,0
40.7751,-73.9633,0
40.7569,-73.977,0
40.7374,-74.0089,0
40.7368,-73.9737,0
40.7524,-73.9684,0
40.8042,-73.9461,0
40.7381,-73.9878,0
40.7699,-73.9545,0
40.7388,-73.9847,0
40.7567,-73.9734,0
40.777,-73.9519,0
40.7069,-74.0079,0
40.7212,-74.005,0
40.7166,-74.0,0
40.7594,-73.987,0
40.6736,-73.9919,2
40.7025,-73.9889,2
40.6935,-73.997,2
40.7613,-73.9837,0
40.7353,-73.9983,0
40.8053,-73.9954,-1
40.7691,-73.9812,0
40.7261,-74.0092,0
40.7575,-73.9694,0
40.764,-73.9789,0
40.7576,-73.9848,0
40.7658,-73.9656,0
40.8556,-73.8876,-1
40.77,-73.9616,0
40.7272,-74.0054,0
40.7598,-73.9273,9
40.7568,-73.9926,0
40.7364,-74.0424,5
40.6466,-73.7897,8
40.7445,-74.008,0
40.7206,-74.0052,0
40.7552,-73.9876,0
40.7205,-73.9833,0
40.759,-73.9852,0
40.7559,-73.9651,0
40.7617,-73.9665,0
40.7603,-73.9216,9
40.7821,-73.9717,0
40.7653,-73.9614,0
40.7152,-74.0094,0
40.7223,-74.0082,0
40.732,-73.9998,0
40.6289,-73.9231,-1
40.7499,-73.984,0
40.7701,-73.9625,0
40.7488,-73.9959,0
40.7729,-73.8857,10
40.7898,-74.0438,-1
40.758,-73.9703,0
40.7397,-73.9951,0
40.7436,-74.029,5
40.8903,-73.9056,-1
40.7648,-73.988,0
40.6896,-73.981,2
40.7406,-73.9893,0
40.7496,-73.9777,0
40.745,-73.9888,0
40.715,-73.9922,0
40.774,-73.9455,0
40.733,-73.9962,0
40.7651,-73.9673,0
40.7579,-73.9692,0
40.7599,-73.9617,0
40.7629,-73.982,0
40.7961,-73.9711,0
40.755,-73.9717,0
40.7344,-74.0023,0
40.8092,-73.9539,0
40.7454,-74.0058,0
40.7604,-73.9594,0
40.7538,-73.9681,0
40.7339,-73.9775,0
40.7127,-73.812,-1
40.7292,-74.0026,0
40.7252,-74.3443,-1
40.732,-73.9938,0
40.7311,-73.9842,0
40.7325,-74.01,0
40.7336,-73.99,0
40.7545,-73.9758,0
40.7606,-73.978,0
40.719,-74.0,0
40.7612,-73.9817,0
40.7269,-73.9918,0
40.8023,-73.9494,0
40.6844,-73.9563,2
40.7652,-73.9828,0
40.7517,-73.9708,0
40.7789,-73.9558,0
40.7731,-73.8856,10
40.7424,-74.0065,0
40.7613,-73.978,0
40.7458,-73.9822,0
40.7288,-73.9804,0
40.7732,-73.9833,0
40.7361,-74.0046,0
40.7301,-74.0048,0
40.7384,-73.9855,0
40.7601,-73.974,0
40.7227,-73.9882,0
40.7421,-73.991,0
40.7239,-73.9571,1
40.7944,-73.9718,0
40.7696,-73.9651,0
40.7479,-74.004,0
40.7504,-73.9806,0
40.7298,-73.9969,0
40.7481,-73.9934,0
40.7277,-73.9912,0
40.6643,-73.9773,-1
40.7747,-73.9655,0
40.7651,-73.9661,0
40.7154,-74.0163,0
40.7883,-74.0456,-1
40.8055,-73.9519,0
40.7584,-73.9769,0
40.7594,-73.9727,0
40.7451,-74.0343,5
40.7549,-73.9761,0
40.7371,-73.9903,0
40.7144,-74.0143,0
40.6517,-73.8813,-1
40.7588,-73.9813,0
40.7196,-73.9892,0
40.7519,-73.9824,0
40.7416,-73.9914,0
40.7436,-73.9246,-1
40.7239,-73.997,0
40.756,-73.9903,0
40.7563,-73.9822,0
40.7306,-73.9916,0
40.738,-73.9906,0
40.7384,-73.9855,0
40.6934,-73.9887,2
40.7817,-73.9529,0
40.725,-73.9969,0
40.7389,-74.0306,5
40.7662,-73.9525,0
40.7272,-74.0045,0
40.7484,-73.9866,0
40.7679,-73.9602,0
40.7591,-73.978,0
40.7942,-73.9763,0
40.7475,-73.9811,0
40.7074,-74.0099,0
40.7754,-73.9635,0
40.7821,-73.9477,0
40.771,-73.8661,3
40.7314,-73.9994,0
40.7381,-73.9987,0
40.7741,-73.8723,3
40.8417,-73.9426,-1
40.6928,-73.8562,-1
40.759,-73.9739,0
40.7526,-73.9733,0
40.7235,-74.0016,0
40.688,-74.181,6
40.7795,-73.9613,0
40.7213,-74.0053,0
40.7645,-73.9688,0
40.7073,-74.0016,0
40.7341,-74.0025,0
40.7334,-73.9899,0
40.7535,-73.9888,0
40.7413,-73.9851,0
40.7215,-73.9583,1
40.7761,-73.9875,0
40.6953,-74.178,6
40.7563,-73.9616,0
40.7571,-73.9713,0
40.7088,-74.0161,0
40.7166,-73.9975,0
40.7217,-74.0009,0
40.7912,-73.9752,0
40.682,-73.9767,2
40.738,-73.9879,0
40.7447,-73.9949,0
40.7424,-73.985,0
40.762,-73.9714,0
40.7849,-73.9793,0
40.7503,-73.9943,0
40.645,-73.7818,8
40.6835,-73.9759,2
40.742,-74.0039,0
40.7345,-74.0012,0
40.7099,-73.9623,1
40.7555,-73.98,0
40.7502,-74.0024,0
40.7471,-73.9884,0
40.7625,-73.9682,0
40.7278,-73.9947,0
40.7282,-73.991,0
40.7616,-73.9867,0
40.7624,-73.9835,0
40.7416,-73.9987,0
40.7498,-73.9723,0
40.7393,-74.0026,0
40.7321,-74.0006,0
40.7396,-73.9954,0
40.7588,-73.9813,0
40.719,-74.0022,0
40.7743,-73.8732,3
40.7425,-73.9942,0
40.7234,-74.008,0
40.7211,-74.0004,0
40.7549,-73.9723,0
40.7808,-73.9769,0
40.7426,-73.9872,0
40.7308,-74.0007,0
40.7214,-73.9974,0
40.7528,-73.9397,7
40.7744,-73.9892,0
40.7376,-74.0047,0
40.7562,-73.9751,0
40.7199,-73.9877,0
40.7181,-73.99,0
40.7451,-73.987,0
40.7326,-73.9935,0
40.7539,-73.9878,0
40.7396,-73.981,0
40.7342,-74.008,0
40.7255,-73.9842,0
40.7515,-73.9939,0
40.7631,-73.9721,0
40.7605,-73.9935,0
40.7658,-73.9829,0
40.7399,-73.995,0
40.7432,-74.0076,0
40.7511,-73.9942,0
40.6523,-74.1232,-1
40.7238,-73.9821,0
40.7415,-74.0026,0
40.714,-74.0096,0
40.7331,-73.9998,0
40.7423,-74.0037,0
40.7432,-74.0083,0
40.7533,-73.9697,0
40.7302,-73.9835,0
40.7422,-73.9911,0
40.7298,-73.5452,-1
40.7277,-73.9838,0
40.7197,-74.0066,0
40.7651,-73.9877,0
40.7637,-73.9749,0
40.742,-73.9868,0
40.723,-74.0081,0
40.7434,-73.9895,0
40.7726,-73.9496,0
40.7805,-73.9527,0
40.7411,-73.9897,0
40.7627,-73.9774,0
40.7491,-73.9802,0
40.7359,-73.9912,0
40.7693,-73.9616,0
40.7372,-73.9882,0
40.8296,-73.9282,-1
40.6949,-74.178,6
40.678,-73.9981,2
40.7624,-73.9998,0
40.7581,-73.9686,0
40.7388,-74.0086,0
40.7268,-73.989,0
40.7482,-73.9854,0
40.7573,-73.9972,0
40.765,-73.9634,0
40.7322,-74.0078,0
40.7609,-73.9756,0
40.7329,-73.9924,0
40.7572,-73.9774,0
40.7276,-74.0073,0
40.703,-73.9946,2
40.7825,-73.9731,0
40.7534,-73.9847,0
40.7924,-73.9462,0
40.7211,-73.9571,1
40.7129,-73.9677,1
40.7686,-73.8626,3
40.7489,-74.4943,-1
40.77,-73.9532,0
40.7209,-74.0017,0
40.7496,-74.0048,0
40.6415,-73.7888,8
40.6951,-74.1775,6
40.7682,-73.9824,0
40.7437,-73.983,0
40.7695,-73.9919,0
40.7668,-73.983,0
40.7326,-74.0034,0
40.7217,-74.0059,0
40.7562,-73.9933,0
40.7195,-73.9988,0
40.7979,-73.9496,0
40.7866,-73.9534,0
40.7517,-74.0051,0
40.7424,-74.0043,0
40.776,-73.9899,0
40.7098,-74.0119,0
40.7648,-73.9608,0
40.7588,-73.9812,0
40.7765,-73.9622,0
40.7527,-73.979,0
40.7497,-73.9855,0
40.7644,-73.9772,0
40.7537,-73.9991,0
40.6879,-74.1812,6
40.7397,-74.0066,0
40.7572,-73.9748,0
40.7166,-74.0091,0
40.7738,-73.8717,3
40.738,-74.0039,0
40.7633,-73.9753,0
40.7577,-73.9888,0
40.7253,-74.0034,0
40.695,-74.1783,6
40.7111,-74.0056,0
40.728,-74.0,0
40.7333,-74.0437,4
40.7711,-73.8662,3
40.7627,-73.9701,0
40.7524,-73.9933,0
40.771,-73.866,3
40.6436,-73.7898,8
40.7336,-73.9975,0
40.7625,-73.9933,0
40.7696,-74.0174,-1
40.7258,-74.0007,0
40.713,-73.9573,1
40.7753,-73.9637,0
40.7205,-74.0031,0
40.7231,-73.9972,0
40.7399,-74.0302,5
40.758,-73.9642,0
40.7485,-74.0022,0
40.736,-74.0052,0
40.7677,-73.981,0
40.7224,-73.9984,0
40.7113,-74.0152,0
40.774,-73.8719,3
40.7369,-73.9878,0
40.6827,-73.9763,2
40.7586,-73.9813,0
40.7656,-73.9551,0
40.718,-73.9921,0
40.7723,-73.9653,0
40.7483,-73.9863,0
40.7246,-74.0021,0
40.74,-73.9987,0
40.755,-73.9752,0
40.7849,-73.9486,0
40.8288,-73.9727,-1
40.7649,-74.0817,-1
40.7431,-74.0076,0
40.7699,-73.9588,0
40.7226,-74.0035,0
40.7507,-74.0034,0
40.7246,-73.9936,0
40.8024,-73.9493,0
40.7612,-73.9994,0
40.739,-73.993,0
40.7405,-74.0057,0
40.7739,-73.9494,0
40.774,-73.8733,3
40.7372,-73.9964,0
40.7421,-73.9948,0
40.7305,-74.0091,0
40.7442,-73.9892,0
40.7263,-73.9408,-1
40.7593,-73.9776,0
40.7561,-73.9742,0
40.7049,-73.9334,-1
40.7225,-74.0015,0
40.8001,-73.9392,-1
40.7275,-73.9923,0
40.6448,-73.7825,8
40.6674,-73.9313,-1
40.7315,-73.9969,0
40.7424,-73.9968,0
40.7404,-73.9889,0
40.7179,-73.8173,-1
40.6624,-73.9365,-1
40.7236,-74.0113,0
40.7408,-73.9838,0
40.7518,-73.9765,0
40.7417,-73.9842,0
40.7703,-73.956,0
40.7273,-73.9902,0
40.7439,-74.0067,0
40.7676,-73.9616,0
40.7115,-73.9616,1
40.7625,-73.9719,0
40.7275,-73.9935,0
40.6922,-73.9873,2
40.7621,-73.9912,0
40.742,-74.0037,0
40.7527,-74.0039,0
40.7794,-73.9774,0
40.7488,-74.0302,5
40.7873,-73.974,0
40.7533,-73.9919,0
40.7356,-73.9792,0
40.743,-73.9773,0
40.7752,-73.9506,0
40.7164,-74.0,0
40.7459,-74.0079,0
40.7552,-73.9764,0
40.7363,-73.9966,0
40.7763,-73.9105,-1
40.7681,-73.9883,0
40.7549,-73.9766,0
40.7741,-73.979,0
40.7488,-74.0048,0
40.6947,-74.1779,6
40.7635,-73.9749,0
40.6779,-73.8511,-1
40.7396,-74.029,5
40.7564,-73.8513,-1
40.7717,-73.9593,0
40.7394,-74.0272,5
40.7239,-73.979,0
40.7436,-73.982,0
40.7486,-73.9803,0
40.8326,-74.1169,-1
40.7561,-73.9772,0
40.7473,-73.9834,0
40.8362,-74.449,-1
40.7218,-74.0064,0
40.7386,-73.9938,0
40.7251,-74.0077,0
40.7219,-74.0728,-1
40.6812,-73.9652,2
40.8115,-74.1038,-1
40.7415,-74.0066,0
40.767,-73.9609,0
40.7617,-73.9651,0
40.757,-73.982,0
40.81,-74.211,-1
40.7652,-73.9694,0
40.7248,-73.9984,0
40.7575,-73.9863,0
40.7304,-74.0046,0
40.7301,-74.0031,0
40.7764,-73.9764,0
40.7732,-73.8856,10
40.744,-73.9872,0
40.7483,-74.0245,5
40.7398,-73.9879,0
41.0548,-73.5406,-1
40.723,-73.9883,0
40.7325,-73.9969,0
40.7261,-73.9918,0
40.7218,-74.0042,0
40.7382,-74.0084,0
40.7245,-73.9914,0
40.7269,-74.0033,0
40.7675,-73.9685,0
40.7287,-74.0052,0
40.726,-74.0014,0
40.7651,-73.9634,0
40.6463,-73.7898,8
40.7646,-73.9799,0
40.7021,-74.0127,0
40.7569,-73.9989,0
40.7239,-74.0041,0
40.7604,-73.9712,0
40.7546,-73.9917,0
40.7342,-74.008,0
40.7573,-73.9716,0
40.768,-73.982,0
40.7134,-74.015,0
40.7535,-73.9887,0
40.7441,-73.9857,0
40.7252,-74.0004,0
40.746,-74.0054,0
40.7667,-74.0826,-1
40.7684,-73.8623,3
40.7544,-73.9738,0
40.7178,-73.9994,0
40.7579,-73.9759,0
40.7519,-73.9707,0
40.7891,-73.9759,0
40.824,-73.9467,-1
40.7647,-73.9739,0
40.7393,-73.9974,0
40.7683,-73.8622,3
40.7553,-73.9837,0
40.7167,-73.9959,0
40.7242,-74.0013,0
40.7432,-74.0075,0
40.7821,-73.9559,0
40.7326,-74.0076,0
40.7254,-74.0038,0
40.7749,-73.9881,0
40.7288,-74.0027,0
40.7181,-73.9581,1
40.7507,-73.986,0
40.7351,-74.0019,0
40.7443,-73.9918,0
40.688,-74.1829,6
40.7652,-73.9655,0
40.7589,-73.9814,0
40.7075,-74.0168,0
40.7182,-73.9523,1
40.7666,-73.9783,0
40.7757,-73.9899,0
40.802,-73.9679,0
40.7569,-73.9741,0
40.7251,-73.9921,0
40.7602,-73.9826,0
40.7785,-73.9574,0
40.8056,-74.3923,-1
40.7526,-73.9684,0
40.7682,-73.862,3
40.7739,-73.8728,3
40.7449,-73.9888,0
40.7605,-73.9602,0
40.7729,-73.9542,0
40.7821,-73.96,0
40.7381,-74.0093,0
40.7191,-74.0071,0
40.7507,-73.986,0
40.7466,-73.9975,0
40.7611,-73.9239,9
40.7211,-74.0003,0
40.7675,-73.9706,0
40.6465,-73.7897,8
40.7578,-73.969,0
40.7229,-74.008,0
40.7308,-73.8714,-1
40.7714,-73.9651,0
40.7472,-73.9857,0
40.762,-73.9789,0
40.7567,-74.0014,0
40.7572,-73.9741,0
40.6705,-73.9874,-1
40.7148,-74.0361,4
40.7212,-74.0018,0
40.7235,-74.0016,0
40.765,-73.9878,0
40.771,-73.8661,3
40.7619,-73.9899,0
40.7364,-73.9795,0
40.7423,-73.9975,0
40.7566,-73.9903,0
40.6832,-73.9792,2
40.7638,-73.9857,0
40.7821,-73.96,0
40.7079,-74.0143,0
40.7488,-74.0033,0
40.7593,-73.9732,0
40.7059,-74.013,0
40.7692,-73.9828,0
40.7432,-74.0293,5
40.7706,-73.9564,0
40.7496,-73.9932,0
40.7261,-73.9926,0
40.7633,-73.9808,0
40.7252,-74.0076,0
40.7365,-73.9893,0
40.8094,-73.9644,0
40.774,-73.8727,3
40.7347,-74.0097,0
40.7638,-73.9758,0
40.6718,-73.8971,-1
40.7351,-73.9914,0
40.74,-74.0057,0
40.7542,-74.025,5
40.7756,-73.9829,0
40.7191,-74.0051,0
40.6416,-73.7877,8
40.7741,-73.8723,3
40.7395,-73.9826,0
40.73,-73.9923,0
40.7212,-74.0015,0
40.6924,-73.9854,2
40.7491,-74.0038,0
40.7747,-73.983,0
40.7748,-73.9627,0
40.7568,-73.9827,0
40.74,-74.0079,0
40.7753,-73.9598,0
40.7185,-73.9949,0
40.6945,-73.9242,-1
40.7709,-73.8659,3
40.7325,-73.9984,0
40.7168,-74.0331,4
40.8054,-73.995,-1
40.8716,-73.8841,-1
40.8057,-73.8726,-1
40.7436,-74.0069,0
40.7406,-74.0087,0
40.758,-73.9691,0
40.7634,-73.9696,0
40.7543,-73.977,0
40.7834,-73.9789,0
40.7595,-73.9737,0
40.7642,-73.9921,0
40.76,-73.9849,0
40.7585,-73.9693,0
40.7553,-73.9737,0
40.7849,-73.9496,0
40.7787,-73.9558,0
40.7794,-73.9574,0
40.754,-73.9858,0
40.7516,-73.9909,0
40.6448,-73.7826,8
40.6796,-73.9609,2
40.7184,-74.0108,0
40.7259,-74.0076,0
40.7641,-73.9763,0
40.7213,-74.0003,0
40.7566,-74.0016,0
40.7541,-73.9826,0
40.7432,-73.9784,0
40.7535,-73.9872,0
40.7685,-73.8624,3
40.6862,-73.9908,2
40.6834,-73.9899,2
40.7279,-73.9792,0
40.7259,-73.9974,0
40.7337,-73.9944,0
40.6552,-74.0103,-1
40.7119,-73.9235,-1
40.7137,-73.999,0
40.7583,-73.9747,0
40.7589,-73.9704,0
40.7261,-73.9962,0
40.7393,-74.0276,5
40.7628,-73.9749,0
40.7627,-73.9634,0
40.7478,-74.0045,0
40.7215,-74.0011,0
40.7092,-74.0163,0
40.723,-73.9959,0
40.739,-73.9991,0
40.7523,-73.9771,0
40.7621,-73.9825,0
40.7889,-73.9779,0
40.8061,-73.9875,-1
40.748,-73.9849,0
40.7234,-74.0018,0
40.6484,-73.783,8
40.7075,-74.007,0
40.7395,-74.0331,5
40.7234,-73.9938,0
40.7794,-73.953,0
40.7262,-73.9932,0
40.7658,-73.9907,0
40.7569,-73.9771,0
40.7592,-74.0029,0
40.7282,-73.9885,0
40.7395,-74.0425,5
40.7521,-73.9756,0
40.7335,-73.8643,-1
40.7639,-73.9752,0
40.7284,-73.9998,0
40.7475,-73.9439,7
40.7241,-74.0094,0
40.7314,-73.9885,0
40.7249,-73.9955,0
40.7739,-73.8715,3
40.7467,-73.9437,7
40.763,-73.9802,0
40.6416,-73.7889,8
40.739,-73.9851,0
40.7597,-73.8317,-1
40.7739,-73.9599,0
40.7285,-74.0042,0
40.765,-73.9747,0
40.733,-74.0068,0
40.6912,-73.9924,2
40.7485,-74.0018,0
40.6737,-74.0097,-1
40.7875,-73.9677,0
40.6486,-73.783,8
40.7585,-73.9834,0
40.7717,-73.9647,0
40.7615,-73.9744,0
40.7435,-73.9839,0
40.7822,-73.9762,0
40.7415,-73.9873,0
40.7379,-73.9836,0
40.7365,-73.9988,0
40.7547,-73.9842,0
40.7611,-73.982,0
40.7676,-73.9823,0
40.779,-73.9502,0
40.7495,-73.9873,0
40.7561,-73.9707,0
40.7344,-74.0026,0
40.7551,-73.971,0
40.7517,-73.9822,0
40.7523,-73.978,0
40.7638,-73.9937,0
40.7382,-73.9888,0
40.7642,-73.9829,0
40.7647,-73.9663,0
40.7545,-73.991,0
40.7159,-74.0048,0
40.7828,-73.9476,0
40.7456,-73.9798,0
40.7856,-74.0165,-1
40.7743,-73.9457,0
40.737,-73.992,0
40.7628,-73.9831,0
40.7357,-73.9976,0
40.8437,-73.9428,-1
40.692,-74.1813,6
40.7399,-73.9896,0
40.7385,-73.9937,0
40.7275,-73.9919,0
40.7391,-73.9817,0
40.7168,-73.9622,1
40.7589,-73.9602,0
40.7524,-73.9932,0
40.7183,-73.9893,0
40.7424,-73.9847,0
40.782,-73.9813,0
40.7501,-73.9735,0
40.749,-73.9922,0
40.7537,-73.9807,0
40.7577,-73.982,0
40.7796,-73.9475,0
40.7189,-74.0064,0
40.7342,-73.9894,0
40.8116,-73.9448,-1
40.7773,-73.9491,0
40.7265,-74.0483,-1
40.7657,-73.9688,0
40.9238,-74.0711,-1
40.7511,-74.0042,0
40.7602,-74.0023,0
40.6908,-74.1781,6
40.7565,-73.9684,0
40.6888,-73.9876,2
40.7716,-73.9826,0
40.7177,-73.9981,0
40.7051,-73.931,-1
40.7549,-73.9798,0
40.7339,-73.9949,0
40.6921,-74.1776,6
40.7413,-74.002,0
40.7475,-73.9412,7
40.7671,-73.9836,0
40.7145,-73.8317,-1
40.7204,-74.0048,0
40.7646,-73.9805,0
40.7686,-73.996,0
40.7402,-74.0035,0
40.7237,-74.0036,0
40.7246,-73.9915,0
40.7275,-73.9886,0
40.7512,-73.9742,0
40.7326,-73.9901,0
40.7596,-73.9945,0
40.7438,-73.9739,0
40.7658,-73.9827,0
40.7625,-73.9897,0
40.7534,-73.9748,0
40.7639,-73.9707,0
40.7323,-73.988,0
40.757,-74.0012,0
40.6952,-74.1774,6
40.7579,-73.9728,0
40.7428,-73.9948,0
40.7122,-73.9462,1
40.7263,-73.9962,0
40.7249,-74.0093,0
40.7547,-73.9754,0
40.7741,-73.8722,3
40.8187,-73.9576,-1
40.7732,-73.9903,0
40.7959,-73.9727,0
40.7614,-73.97,0
40.7684,-73.9635,0
40.7805,-73.982,0
40.7527,-73.9725,0
40.7199,-74.0051,0
40.7528,-73.9863,0
40.7753,-73.9893,0
40.7031,-73.9853,2
40.7454,-73.9846,0
40.7476,-73.983,0
40.7328,-73.9836,0
40.7605,-73.9819,0
40.7449,-73.9914,0
40.7236,-74.0108,0
40.7354,-73.9857,0
40.7574,-73.9737,0
40.7498,-73.7758,-1
40.6467,-73.7894,8
40.7342,-73.9888,0
40.7772,-73.9753,0
40.7583,-73.9816,0
40.7644,-73.9637,0
40.7832,-73.9486,0
40.7642,-73.9701,0
40.7446,-73.981,0
40.6449,-73.782,8
40.6647,-73.9788,-1
40.7672,-73.9683,0
40.7408,-74.0018,0
40.7266,-73.999,0
40.6636,-73.9583,-1
40.7333,-74.0043,0
40.9367,-74.0324,-1
40.7322,-74.0354,4
40.6484,-73.783,8
40.7408,-73.9822,0
40.7789,-73.9618,0
40.7358,-74.0066,0
40.7471,-73.9933,0
40.7426,-73.9863,0
40.726,-73.9918,0
40.6914,-73.9843,2
40.7752,-73.9635,0
40.7752,-73.9635,0
40.7443,-73.9918,0
40.7182,-74.0146,0
40.7215,-74.0064,0
40.7486,-73.9926,0
40.7641,-73.9692,0
40.7587,-73.9708,0
40.7878,-73.9789,0
40.7617,-73.975,0
40.6991,-73.995,2
40.7589,-73.9879,0
40.758,-73.9844,0
40.7624,-73.9768,0
40.774,-73.8728,3
40.7894,-73.971,0
40.7276,-74.0072,0
40.7581,-73.9815,0
40.7641,-73.9787,0
40.7197,-74.0007,0
40.7045,-74.0072,0
40.8005,-74.2424,-1
40.757,-73.9741,0
40.7504,-73.9941,0
40.7547,-73.966,0
40.7713,-73.9267,-1
40.7441,-73.9839,0
40.7266,-74.0022,0
40.7501,-73.977,0
40.7141,-74.0094,0
40.7233,-73.9912,0
40.7163,-74.0109,0
40.7417,-73.9917,0
40.7538,-73.9785,0
40.7251,-74.2661,-1
40.7134,-74.015,0
40.7471,-73.9871,0
40.7616,-73.9754,0
40.7354,-73.9967,0
40.722,-74.0094,0
40.7691,-73.9611,0
40.7087,-74.0092,0
40.7652,-73.9693,0
40.7601,-73.9697,0
40.7136,-74.0415,4
40.7728,-73.9642,0
40.7605,-73.9717,0
40.7758,-73.9874,0
40.7635,-73.9734,0
40.7307,-74.0044,0
40.7395,-74.0041,0
40.768,-73.9191,-1
40.7376,-73.9995,0
40.7383,-74.0096,0
40.7126,-73.985,0
40.7698,-73.9629,0
40.6466,-73.7904,8
40.7668,-73.9536,0
40.7517,-73.9822,0
40.8084,-73.9392,-1
40.7261,-73.9918,0
40.723,-73.9503,1
40.7217,-74.0002,0
40.7268,-73.9869,0
40.7575,-73.9718,0
40.7452,-73.9756,0
40.7255,-73.9488,1
40.7333,-73.99,0
40.7824,-73.9846,0
40.7496,-73.9921,0
40.7554,-73.9726,0
40.7952,-73.9621,0
40.7334,-73.9932,0
40.7354,-74.0095,0
40.7745,-73.9639,0
40.7549,-74.0062,0
40.8555,-73.931,-1
40.748,-74.0068,0
40.7752,-73.9635,0
40.7189,-74.0087,0
40.7509,-73.9942,0
40.7435,-73.9834,0
40.7476,-73.9826,0
40.7629,-73.9695,0
40.7758,-73.9624,0
40.765,-73.9685,0
40.7654,-73.9829,0
40.7271,-74.0343,4
40.7594,-73.9701,0
40.7263,-73.993,0
40.7547,-73.9835,0
40.7381,-73.99,0
40.7396,-73.9826,0
40.7228,-73.9945,0
40.7698,-73.9587,0
40.6929,-73.9886,2
40.7322,-73.9925,0
40.7536,-73.9767,0
40.7684,-73.97,0
40.7472,-73.9863,0
40.7177,-74.0475,4
40.7428,-73.9863,0
40.7604,-73.9857,0
40.7723,-73.9631,0
40.7598,-73.9741,0
40.7681,-73.9605,0
40.7138,-74.009,0
40.7703,-73.9579,0
40.7294,-73.99,0
40.7574,-73.9762,0
40.7404,-73.9881,0
40.7281,-74.0024,0
40.7372,-74.0015,0
40.747,-73.9966,0
40.7632,-73.9735,0
40.7641,-73.9739,0
40.7525,-73.9795,0
40.763,-73.966,0
40.7577,-73.9846,0
40.749,-73.9923,0
40.7301,-74.0006,0
40.7488,-73.976,0
40.7618,-73.9677,0
40.6393,-73.966,-1
40.7149,-74.0067,0
40.6867,-73.9863,2
40.7798,-73.9503,0
40.7466,-74.0097,0
40.7604,-73.9702,0
40.7334,-74.0093,0
40.7554,-74.0316,5
40.7397,-74.0064,0
40.7348,-73.9997,0
40.7195,-74.0324,4
40.7413,-73.9784,0
40.7392,-73.9882,0
40.7288,-74.0026,0
40.7753,-73.9627,0
40.6462,-73.7768,8
40.7599,-73.9751,0
40.7768,-73.9508,0
40.755,-73.9716,0
40.7849,-73.9793,0
40.7512,-73.9804,0
40.7586,-73.9731,0
40.7251,-74.0047,0
40.7403,-73.9957,0
40.7634,-73.9886,0
40.7694,-73.9922,0
40.7581,-73.9837,0
40.8564,-74.0699,-1
40.7274,-73.9922,0
40.7257,-74.0008,0
40.7274,-73.9811,0
40.7566,-73.9975,0
40.7142,-73.9653,1
40.7443,-74.0017,0
40.7334,-73.9935,0
40.7705,-73.8654,3
40.7548,-73.9831,0
40.76,-73.9717,0
40.7503,-73.985,0
40.7216,-74.0012,0
40.7637,-73.9695,0
40.7369,-73.9936,0
40.7106,-73.9658,1
40.7051,-74.0071,0
40.8081,-73.9643,0
40.759,-73.9943,0
40.7414,-73.995,0
40.7125,-74.0092,0
40.7643,-73.9958,0
40.7152,-74.0464,4
40.7497,-73.9951,0
40.7412,-74.0081,0
40.6958,-73.9835,2
40.7049,-74.0133,0
40.7294,-73.9779,0
40.7587,-73.9795,0
40.8303,-73.9206,-1
40.7257,-73.9977,0
40.7146,-73.9374,1
40.7553,-73.9731,0
40.7881,-74.0433,-1
40.7465,-73.9842,0
40.7572,-73.9624,0
40.767,-73.9682,0
40.7491,-74.0282,5
40.7571,-73.9877,0
40.7624,-73.9789,0
40.7458,-73.9937,0
40.7555,-73.9732,0
40.7604,-73.9831,0
40.8538,-73.8725,-1
40.7378,-74.0084,0
40.767,-73.9583,0
40.7439,-73.9838,0
40.764,-73.9738,0
40.7639,-73.976,0
40.7236,-74.0096,0
40.7578,-73.9716,0
40.7089,-73.9427,1
40.7181,-74.0149,0
40.8062,-73.9653,0
40.6465,-73.7898,8
40.7648,-73.9726,0
40.7499,-73.9741,0
40.7413,-73.9791,0
40.7744,-73.9639,0
40.7646,-73.9778,0
40.7283,-73.9995,0
40.7746,-73.9635,0
40.6816,-73.9769,2
40.7333,-74.0051,0
40.7685,-73.987,0
40.7592,-73.9786,0
40.7464,-73.9716,0
40.7621,-73.9857,0
40.7407,-74.0056,0
40.7397,-74.0062,0
40.7273,-74.0071,0
40.7151,-74.0427,4
40.7533,-73.9664,0
40.727,-74.0319,4
40.8299,-73.9499,-1
40.7198,-74.0068,0
40.7646,-73.9896,0
40.7371,-74.0373,5
40.769,-73.9813,0
40.7698,-73.8643,3
40.6464,-73.7901,8
40.743,-74.0301,5
40.7462,-73.9909,0
40.7061,-73.9524,1
40.7291,-73.9923,0
40.7078,-73.947,1
40.7275,-74.0076,0
40.7536,-73.9836,0
40.7313,-73.9905,0
40.7604,-73.9831,0
40.7386,-74.0055,0
40.7113,-74.0173,0
40.716,-73.8808,-1
40.7333,-73.9931,0
40.777,-73.9593,0
40.7572,-73.963,0
40.8736,-74.0628,-1
40.7577,-73.9656,0
40.7617,-73.9663,0
40.7294,-74.0016,0
40.6586,-73.934,-1
40.7377,-73.9924,0
40.7676,-73.9807,0
40.7804,-73.9872,0
40.8089,-73.9646,0
40.8095,-73.9644,0
40.7449,-73.9839,0
40.7605,-73.9702,0
40.7209,-74.003,0
40.7427,-73.9967,0
40.7634,-73.9965,0
40.7732,-73.9547,0
40.7215,-73.999,0
40.7644,-73.9595,0
40.7689,-73.9336,-1
40.7446,-74.0024,0
40.7746,-73.9822,0
40.7228,-73.9896,0
40.7619,-73.9665,0
40.7216,-73.9977,0
40.7554,-73.9874,0
40.734,-74.0001,0
40.725,-74.0358,4
40.7058,-74.01,0
40.7517,-74.005,0
40.7515,-73.9802,0
40.7187,-73.9853,0
40.7828,-73.9798,0
40.7595,-73.9792,0
40.7492,-73.9766,0
40.7683,-73.8623,3
40.7499,-74.0054,0
40.7486,-73.9898,0
40.7749,-73.9878,0
40.7396,-73.9891,0
40.6769,-73.9561,-1
40.7186,-73.9832,0
40.7599,-73.9841,0
40.7238,-73.9964,0
40.7377,-73.9806,0
40.7114,-73.9678,1
40.743,-73.9822,0
40.7025,-73.9888,2
40.7601,-73.9718,0
40.7212,-73.9935,0
40.73,-73.9992,0
40.7565,-73.9296,9
40.7413,-74.0021,0
40.7749,-73.9612,0
40.8046,-73.9373,-1
40.7348,-74.0443,5
40.7869,-74.0019,-1
40.7419,-73.9894,0
40.7516,-73.9873,0
40.7091,-73.9371,-1
40.7526,-73.9718,0
40.7405,-74.0085,0
40.7104,-74.0118,0
40.7573,-73.9742,0
40.7064,-74.0178,0
40.7213,-73.9886,0
40.7607,-73.9687,0
40.7514,-73.9751,0
40.7558,-73.9819,0
40.7599,-73.9944,0
40.7411,-74.0286,5
40.7669,-73.9578,0
40.7239,-73.997,0
40.7439,-74.0063,0
40.7182,-74.015,0
40.7253,-74.0066,0
40.7449,-73.9888,0
40.7661,-73.9188,-1
40.7549,-73.9664,0
40.743,-73.9932,0
40.7418,-73.9811,0
40.7654,-73.9714,0
40.7162,-73.9881,0
40.806,-73.9571,0
40.719,-74.0111,0
40.7464,-74.032,5
40.7266,-73.9993,0
40.7602,-73.9772,0
40.7635,-73.9712,0
40.7631,-73.9842,0
40.733,-73.9912,0
40.7368,-73.9958,0
40.7477,-74.0063,0
40.7452,-73.9887,0
40.7262,-74.0025,0
40.7643,-73.969,0
40.7497,-73.8543,-1
40.7302,-73.9895,0
40.6466,-73.7897,8
40.6753,-73.9733,2
40.7126,-73.9432,1
40.7223,-73.9867,0
40.7439,-73.9895,0
40.741,-73.9229,-1
40.7511,-73.9835,0
40.7639,-73.9988,0
40.7589,-73.9728,0
40.7557,-73.9862,0
40.7554,-74.0316,5
40.7349,-73.9773,0
40.7683,-73.8622,3
40.7243,-74.0022,0
40.7567,-73.9722,0
40.753,-74.0039,0
40.7454,-73.9794,0
40.7648,-73.9705,0
40.6795,-73.9884,2
40.7645,-73.9752,0
40.7712,-73.9636,0
40.7498,-73.9816,0
40.7273,-74.0069,0
40.7453,-74.0382,5
40.7364,-73.9525,-1
40.8211,-73.9377,-1
40.727,-74.0461,4
40.7569,-73.9894,0
40.7605,-73.9835,0
40.7737,-73.9549,0
40.7896,-73.9662,0
40.7615,-73.9842,0
40.7239,-74.0024,0
40.7638,-73.9772,0
40.7694,-73.9598,0
40.645,-73.7818,8
40.6949,-74.178,6
40.7576,-73.9848,0
40.746,-73.9822,0
40.7502,-73.9923,0
40.7618,-73.9739,0
40.7576,-73.9892,0
40.7612,-73.9868,0
40.7421,-74.0059,0
40.7277,-73.9883,0
40.747,-73.9832,0
40.7372,-74.0051,0
40.7628,-73.9655,0
40.7596,-73.9916,0
40.7598,-73.984,0
40.786,-73.9762,0
40.6849,-73.9816,2
40.6921,-74.1954,-1
40.7351,-74.0002,0
40.7356,-73.9924,0
40.7416,-73.9561,-1
40.7789,-73.9561,0
40.7315,-73.9969,0
40.7754,-73.9576,0
40.7645,-73.9738,0
40.7137,-74.0154,0
40.7261,-73.9982,0
40.719,-74.0048,0
40.7624,-73.9861,0
40.681,-73.9752,2
40.7304,-73.999,0
40.7507,-73.9703,0
40.7141,-73.9974,0
40.7382,-74.0095,0
40.7514,-74.0064,0
40.8005,-73.9693,0
40.7581,-73.9647,0
40.7249,-74.0094,0
40.7243,-74.0022,0
40.7867,-73.9724,0
40.7463,-74.0398,5
40.7011,-74.2394,-1
40.7064,-74.0178,0
40.7283,-74.0071,0
40.7644,-73.9707,0
40.7427,-74.038,5
40.7655,-73.9758,0
40.7498,-73.9906,0
40.7172,-74.0082,0
40.7406,-74.0047,0
40.745,-74.0017,0
40.7572,-73.9748,0
40.7355,-73.9941,0
40.7557,-73.9724,0
40.7279,-73.9933,0
40.7441,-73.9918,0
40.7591,-73.9727,0
40.7479,-74.0047,0
40.6999,-74.069,-1
40.7225,-73.996,0
40.807,-73.9437,0
40.7641,-73.9736,0
40.7448,-74.0334,5
40.7476,-73.9968,0
40.7777,-73.9594,0
40.7138,-74.0061,0
40.7269,-74.072,-1
40.7649,-73.9717,0
40.7556,-73.9713,0
40.7438,-73.9838,0
40.7156,-74.0043,0
40.7741,-73.8727,3
40.7626,-73.9718,0
40.7525,-73.9842,0
40.7603,-73.9645,0
40.7209,-74.0018,0
40.7527,-73.9875,0
40.76,-73.9877,0
40.6877,-74.1823,6
40.7093,-74.0416,4
40.7408,-74.0075,0
40.7732,-73.8855,10
40.7419,-74.0046,0
40.7219,-73.9974,0
40.7251,-74.0014,0
40.7758,-73.9841,0
40.7645,-73.9763,0
40.7707,-73.9591,0
40.7187,-73.9891,0
40.7567,-74.0016,0
40.7554,-74.0316,5
40.7807,-73.984,0
40.7623,-73.9023,-1
40.7676,-73.9654,0
40.7472,-73.973,0
40.7405,-74.0057,0
40.7622,-73.9681,0
40.7735,-73.9599,0
40.7677,-73.9593,0
40.7325,-74.0065,0
40.7592,-73.975,0
40.7707,-73.8656,3
40.7233,-73.9985,0
40.7684,-73.9615,0
40.749,-74.0029,0
40.7256,-73.9881,0
40.748,-73.9815,0
40.7744,-73.9893,0
40.7588,-73.9785,0
40.7614,-73.973,0
40.7581,-73.9793,0
40.7313,-74.0101,0
40.7554,-73.9749,0
40.7642,-73.971,0
40.7526,-73.9856,0
40.7335,-73.9975,0
40.7903,-73.9715,0
40.6811,-73.845,-1
40.762,-73.9747,0
40.7613,-73.9857,0
40.7589,-73.9742,0
40.7331,-73.9998,0
40.7632,-73.9748,0
40.7572,-73.9698,0
40.7607,-73.9706,0
40.6899,-73.9804,2
40.7622,-73.9788,0
40.7904,-73.954,0
40.7637,-73.981,0
40.7665,-73.9783,0
40.7271,-74.0063,0
40.7283,-74.0051,0
40.7221,-73.9837,0
40.7624,-73.9743,0
40.7652,-73.9753,0
40.7645,-73.9797,0
40.7568,-74.0014,0
40.7485,-73.9906,0
40.8043,-73.9376,-1
40.7398,-74.0389,5
40.7388,-74.1654,-1
40.7311,-73.9918,0
40.7523,-73.9753,0
40.7691,-73.9613,0
40.7364,-73.9778,0
40.7606,-73.9869,0
40.7578,-73.9894,0
40.7695,-73.8873,10
40.773,-73.9802,0
40.7768,-73.9611,0
40.7151,-74.0464,4
40.7405,-74.0056,0
40.7396,-73.991,0
40.7365,-73.9907,0
40.6995,-73.9298,-1
40.7371,-73.9887,0
40.7496,-73.9795,0
40.7348,-74.165,-1
40.742,-74.0037,0
40.6947,-74.1779,6
40.6899,-73.98,2
40.7569,-73.9823,0
40.7599,-73.9699,0
40.7507,-74.0034,0
40.7524,-73.9754,0
40.7723,-73.9606,0
40.769,-73.9861,0
40.6826,-74.0048,2
40.7461,-73.9821,0
40.7469,-73.9723,0
40.7742,-73.9628,0
40.7817,-73.9529,0
40.7282,-73.982,0
40.7273,-73.992,0
40.7308,-74.001,0
40.7318,-74.0012,0
40.7234,-74.0097,0
40.6878,-73.997,2
40.7114,-73.9476,1
40.7352,-73.994,0
40.729,-73.9921,0
40.7035,-74.0107,0
40.7454,-73.9822,0
40.7565,-73.9266,9
40.7639,-73.9765,0
40.7557,-73.9832,0
40.7606,-73.982,0
40.7521,-74.0031,0
40.7299,-73.9867,0
40.7657,-73.9801,0
40.7257,-73.9901,0
40.7101,-73.9688,1
40.7617,-73.9793,0
40.7202,-74.0086,0
40.7182,-73.9902,0
40.7617,-73.9614,0
40.7384,-73.997,0
40.7153,-74.0156,0
40.7611,-73.9804,0
40.7404,-74.0398,5
40.7794,-73.953,0
40.7927,-73.9192,-1
40.7406,-74.0078,0
40.7715,-73.9593,0
40.7781,-73.9209,-1
40.7442,-73.9918,0
40.778,-73.9538,0
40.7612,-74.0011,0
40.7597,-73.9674,0
40.646,-73.7768,8
40.7504,-73.9947,0
40.7339,-73.9887,0
40.7504,-73.9788,0
40.7627,-73.9721,0
40.7251,-74.0004,0
40.7578,-73.9692,0
40.722,-73.9972,0
40.7586,-73.979,0
40.7528,-73.9814,0
40.7423,-74.0044,0
40.7442,-73.9876,0
40.7478,-73.975,0
40.7349,-73.9929,0
40.6912,-74.1772,6
40.7396,-74.0018,0
40.7607,-73.9757,0
40.7442,-73.9841,0
40.7333,-73.9955,0
40.7343,-73.9898,0
40.6449,-73.7819,8
40.7256,-74.0066,0
40.7626,-73.977,0
40.6418,-73.7882,8
40.7223,-73.9972,0
40.771,-73.866,3
40.6951,-74.1787,6
40.7757,-73.983,0
40.774,-73.8726,3
40.8791,-73.8811,-1
40.7403,-73.996,0
40.7678,-73.968,0
40.7753,-73.965,0
40.7606,-73.97,0
40.7743,-73.9891,0
40.7514,-74.0068,0
40.7401,-73.9921,0
40.7427,-73.9927,0
40.7529,-73.9855,0
40.7684,-73.8624,3
40.7301,-74.0415,4
40.7613,-73.9712,0
40.7327,-73.9995,0
40.755,-73.9835,0
40.7076,-74.0058,0
40.8551,-73.9322,-1
40.717,-74.0327,4
40.7747,-73.99,0
40.7556,-73.9835,0
40.7237,-74.0007,0
40.7929,-73.9697,0
40.7733,-73.8856,10
40.7741,-73.8726,3
40.7296,-73.9899,0
40.767,-73.9845,0
40.7276,-74.0025,0
40.737,-73.9803,0
40.7454,-73.9867,0
40.893,-73.8565,-1
40.7332,-73.9987,0
40.7747,-73.9901,0
40.7453,-73.9278,-1
40.6894,-73.9693,2
40.7159,-74.0166,0
40.7672,-73.9936,0
40.7544,-73.9878,0
40.7364,-74.0059,0
40.767,-73.9863,0
40.7406,-74.0055,0
40.7739,-73.872,3
40.7427,-73.9996,0
40.7203,-73.9981,0
40.7588,-73.9883,0
40.7291,-73.9842,0
40.7758,-73.9533,0
40.6948,-74.1779,6
40.695,-74.1781,6
40.7727,-73.9577,0
40.7611,-73.978,0
40.7817,-73.9528,0
40.7429,-73.9892,0
40.7593,-73.9945,0
40.7534,-73.9776,0
40.6718,-73.9636,-1
40.7181,-74.0418,4
40.6955,-74.1779,6
40.6915,-73.9844,2
40.6466,-73.79,8
40.7541,-73.9764,0
40.7228,-74.0047,0
40.7223,-73.9961,0
40.7402,-74.3188,-1
40.7463,-73.9912,0
40.7605,-73.972,0
40.7237,-73.9823,0
40.8372,-73.9703,-1
40.7846,-73.9561,0
40.7248,-73.9823,0
40.749,-73.9733,0
40.7587,-73.9739,0
40.7754,-73.9649,0
40.7631,-73.977,0
40.7398,-73.9815,0
40.781,-73.9593,0
40.7589,-74.0282,5
40.6878,-74.1819,6
40.6952,-73.9926,2
40.7649,-73.9766,0
40.7609,-73.9688,0
40.7264,-74.0023,0
40.7521,-74.0029,0
40.741,-73.9899,0
40.7848,-73.9759,0
40.8897,-73.903,-1
40.7246,-73.9816,0
40.7654,-73.9548,0
40.7113,-73.9513,1
40.7684,-73.9823,0
40.6951,-74.1773,6
40.7397,-73.9874,0
40.773,-73.9623,0
40.7467,-73.9193,-1
40.6885,-74.1795,6
40.7201,-73.9999,0
40.7611,-73.978,0
40.77,-73.9915,0
40.7626,-73.9717,0
40.7349,-73.9932,0
40.7622,-73.9754,0
40.7364,-74.0037,0
40.7163,-73.9508,1
40.7562,-73.9748,0
40.7215,-74.0096,0
40.7307,-73.9851,0
40.7456,-73.9837,0
40.7282,-73.9994,0
40.7627,-73.9714,0
40.7642,-73.9829,0
40.7643,-73.9787,0
40.7623,-73.9262,9
40.7833,-74.2425,-1
40.7938,-73.973,0
40.7649,-73.9772,0
40.7738,-73.8714,3
40.7636,-73.9762,0
40.7648,-73.9587,0
40.752,-73.9989,0
40.7356,-73.9886,0
40.9071,-73.9101,-1
40.7561,-73.9703,0
40.7135,-73.9878,0
40.7564,-73.9763,0
40.7905,-73.9681,0
40.774,-73.8725,3
40.7695,-73.9962,0
40.7379,-73.9839,0
40.7162,-74.0131,0
40.759,-73.9895,0
40.768,-73.959,0
40.7539,-73.9858,0
40.7162,-74.0341,4
40.6927,-73.9371,-1
40.7075,-73.9294,-1
40.766,-73.9718,0
40.7402,-73.9886,0
40.7641,-73.9823,0
40.7739,-73.8715,3
40.7601,-73.9651,0
40.7224,-74.0047,0
40.7586,-73.9832,0
40.7181,-74.0517,4
40.6953,-74.1783,6
40.7461,-73.9723,0
40.7738,-73.9801,0
40.7441,-73.9877,0
40.7717,-73.9614,0
40.7605,-73.9699,0
40.7376,-73.9964,0
40.7147,-73.9911,0
40.7819,-73.9572,0
40.7445,-73.9884,0
40.7389,-74.0088,0
40.766,-73.991,0
40.8122,-73.9616,0
40.7353,-73.9856,0
40.7706,-73.8671,3
40.7359,-73.9912,0
40.6889,-73.9859,2
40.7227,-73.9982,0
40.7281,-74.0073,0
40.7501,-73.972,0
40.7393,-74.028,5
40.7342,-74.0047,0
40.7376,-73.9967,0
40.7497,-73.9117,-1
40.7732,-73.9527,0
40.7359,-74.0388,5
40.6744,-73.9668,2
40.7716,-74.2131,-1
40.7214,-73.9936,0
40.5734,-73.9938,-1
40.7739,-73.8726,3
40.7719,-73.9674,0
40.7291,-74.0011,0
40.817,-73.9389,-1
40.7214,-74.0035,0
40.7601,-73.973,0
40.7731,-73.8855,10
40.7618,-73.9683,0
40.7486,-74.0054,0
40.733,-73.9936,0
40.7201,-74.0109,0
40.745,-74.0305,5
40.7435,-74.0071,0
40.7773,-73.9783,0
40.7126,-74.0338,4
40.6466,-73.7896,8
40.7581,-73.9816,0
40.786,-73.9531,0
40.7452,-73.9948,0
40.7566,-73.9688,0
40.7527,-73.9874,0
40.7583,-73.9728,0
40.7463,-73.993,0
40.7359,-73.991,0
40.7538,-73.9818,0
40.6483,-73.7825,8
40.7688,-73.9656,0
40.757,-73.9699,0
40.7326,-73.9962,0
40.7554,-73.975,0
40.7377,-73.9928,0
40.7286,-74.0026,0
40.72,-74.0429,4
40.8022,-73.9568,0
40.7865,-73.9793,0
40.7514,-73.9876,0
40.7262,-74.0005,0
40.7406,-74.0052,0
40.7452,-73.977,0
40.7354,-73.9941,0
40.7322,-73.9866,0
40.7389,-73.9733,0
40.7696,-73.9603,0
40.7434,-74.0073,0
40.7218,-73.9874,0
40.7614,-73.9868,0
41.0554,-73.5406,-1
40.7574,-73.9731,0
40.7188,-74.001,0
40.7647,-73.9769,0
40.7745,-73.958,0
40.7356,-74.0078,0
40.6419,-73.7885,8
40.7333,-73.9998,0
40.7751,-73.9818,0
40.757,-73.9818,0
40.7537,-73.9807,0
40.6892,-73.9851,2
40.7738,-73.8751,3
40.774,-73.8727,3
40.7583,-73.9747,0
40.7737,-73.9485,0
40.7523,-73.9754,0
40.7341,-73.9996,0
40.7334,-74.0044,0
40.7461,-73.9941,0
40.7273,-73.9862,0
40.7544,-73.9692,0
40.6743,-73.9661,-1
40.754,-73.9848,0
40.7291,-73.9981,0
40.7171,-73.9904,0
40.7594,-73.989,0
40.7558,-73.9701,0
40.7595,-73.9734,0
40.7467,-73.941,7
40.7422,-73.985,0
40.7144,-74.0126,0
40.7615,-74.0001,0
40.7324,-73.9962,0
40.7411,-73.9929,0
40.7108,-73.9564,1
40.7505,-73.9772,0
40.7235,-74.0106,0
40.7214,-73.9868,0
40.7301,-73.9835,0
40.7743,-73.9584,0
40.7644,-73.9824,0
40.7144,-73.998,0
40.6422,-73.7883,8
40.754,-73.9805,0
40.7473,-74.0012,0
40.7629,-73.9783,0
40.7246,-73.9544,1
40.7619,-73.9746,0
40.7304,-74.0047,0
40.7154,-73.9916,0
40.7274,-73.981,0
40.7233,-73.9395,-1
40.7207,-73.9852,0
40.733,-73.9824,0
40.7824,-73.9765,0
40.7852,-74.022,-1
40.8457,-73.8589,-1
40.7111,-74.0056,0
40.6914,-73.9595,2
40.7221,-74.009,0
40.7526,-74.0377,5
40.7245,-73.9817,0
40.767,-73.9836,0
40.7788,-73.9481,0
40.7561,-73.9283,9
40.7059,-74.0167,0
40.7335,-73.9801,0
40.7657,-73.969,0
40.7659,-73.9809,0
40.7593,-73.9731,0
40.7096,-74.0114,0
40.7726,-73.9454,0
40.771,-73.964,0
40.7214,-74.0022,0
40.7112,-74.0061,0
40.7348,-74.0015,0
40.7419,-73.9852,0
40.7484,-74.0054,0
40.7007,-73.9877,2
40.7553,-73.9755,0
40.7561,-73.9888,0
40.6466,-73.7909,8
40.7641,-73.9788,0
40.7669,-73.9595,0
40.8014,-73.966,0
40.774,-73.8726,3
40.7422,-73.9848,0
40.6949,-74.1772,6
40.7915,-73.9533,0
40.7907,-73.9654,0
40.7593,-73.9767,0
40.7435,-74.0073,0
40.7425,-73.9931,0
40.7349,-74.0084,0
40.7567,-73.9674,0
40.7502,-74.0025,0
40.7502,-74.029,5
40.7847,-73.9707,0
40.7456,-73.9946,0
40.7501,-73.9937,0
40.7136,-73.9569,1
40.7747,-73.957,0
40.6887,-73.8083,-1
40.7078,-74.0078,0
40.7217,-73.9988,0
40.7482,-73.9768,0
40.774,-73.8729,3
40.7854,-73.9796,0
40.8022,-73.957,0
40.7604,-73.9875,0
40.7376,-74.0071,0
40.7366,-74.0052,0
40.7547,-73.9738,0
40.7335,-74.0064,0
40.7126,-73.9569,1
40.7426,-73.9847,0
40.7141,-74.0119,0
40.7028,-74.0145,0
40.7761,-73.9644,0
40.7547,-73.9776,0
40.7507,-73.9956,0
40.7515,-73.9781,0
40.7557,-73.9735,0
40.7658,-73.9179,-1
40.7767,-73.9531,0
40.7382,-74.0033,0
40.773,-73.9645,0
40.7498,-73.9898,0
40.7394,-73.9997,0
40.7195,-74.0123,0
40.7534,-73.9847,0
40.7121,-74.0081,0
40.731,-73.9933,0
40.7691,-73.9689,0
40.6466,-73.7893,8
40.7616,-73.9793,0
40.7349,-73.9772,0
40.7824,-73.9466,0
40.7458,-73.9918,0
40.7439,-74.0084,0
40.7594,-73.965,0
40.7131,-74.0118,0
40.7423,-74.0043,0
40.7445,-73.9803,0
40.7385,-73.9855,0
40.7356,-74.0031,0
40.7553,-73.9651,0
40.7547,-73.9778,0
40.7794,-73.9492,0
40.7301,-74.0084,0
40.6415,-73.7888,8
40.7643,-73.9772,0
40.7552,-73.981,0
40.7364,-74.0424,5
40.7327,-73.9913,0
40.7565,-73.9646,0
40.7258,-74.0054,0
40.782,-73.9809,0
40.7528,-74.0048,0
40.7539,-73.9894,0
40.7284,-74.0019,0
40.7104,-73.9648,1
40.7537,-73.9934,0
40.789,-73.9743,0
40.7519,-73.9811,0
40.7521,-73.9946,0
40.7569,-73.9988,0
40.7249,-74.0078,0
40.7474,-73.9725,0
40.7191,-74.0049,0
40.7679,-73.9677,0
40.721,-74.0015,0
40.7734,-73.9552,0
40.7728,-73.9637,0
40.7362,-73.9364,-1
40.7088,-74.0133,0
40.725,-73.997,0
40.7089,-74.009,0
40.7614,-73.973,0
40.759,-73.9711,0
40.7067,-74.0092,0
40.7174,-74.0075,0
40.7948,-73.9701,0
40.7676,-73.9809,0
40.7564,-73.9843,0
40.856,-73.978,-1
40.762,-73.972,0
40.7802,-73.9555,0
40.7527,-73.9793,0
40.7692,-73.9692,0
40.7711,-73.9661,0
40.7744,-73.872,3
40.7528,-73.9328,7
40.7348,-73.9998,0
40.6464,-73.9602,-1
40.7522,-73.9753,0
40.7184,-74.0051,0
40.7532,-73.9872,0
40.7323,-73.9801,0
40.753,-73.9788,0
40.7651,-73.9618,0
40.6949,-74.1781,6
40.7616,-73.9825,0
40.7729,-73.9798,0
40.7567,-74.0014,0
40.7701,-73.9574,0
40.7739,-73.9791,0
40.767,-73.9791,0
40.7518,-73.9822,0
40.7575,-74.0009,0
40.7377,-74.002,0
40.7747,-73.9901,0
40.7079,-74.0041,0
40.7399,-73.9986,0
40.7259,-73.9413,-1
40.7546,-73.988,0
40.745,-73.9765,0
40.7735,-73.9476,0
40.7256,-74.006,0
40.7281,-73.9882,0
40.7516,-73.9902,0
40.7663,-73.9681,0
40.7422,-74.0046,0
40.7266,-73.9958,0
40.749,-73.9763,0
40.7532,-73.9871,0
40.7949,-73.9734,0
40.7544,-73.9907,0
40.7611,-73.9794,0
40.7538,-73.9722,0
40.7139,-74.0088,0
40.7234,-73.9883,0
40.7903,-73.979,0
40.7258,-74.0039,0
40.7845,-73.9561,0
40.7156,-74.0063,0
40.774,-73.8727,3
40.7275,-74.0032,0
40.7143,-74.0151,0
40.7086,-74.0173,0
40.6949,-74.1781,6
40.7295,-73.9897,0
40.7659,-73.9545,0
40.764,-73.9767,0
40.7609,-73.9983,0
40.7815,-73.9526,0
40.7627,-73.9655,0
40.7614,-73.9691,0
40.7639,-73.9886,0
40.7553,-73.9771,0
40.7697,-73.9807,0
40.7526,-73.9941,0
40.695,-74.1784,6
40.7668,-73.9781,0
40.7536,-73.9887,0
40.7546,-73.9718,0
40.7262,-73.9986,0
40.7073,-74.0014,0
40.7629,-73.9246,9
40.7608,-73.9782,0
40.6877,-73.9376,-1
40.7641,-73.9706,0
40.6957,-73.9872,2
40.6806,-73.9839,2
40.7427,-74.0078,0
40.7403,-73.9902,0
40.7558,-73.9748,0
40.7423,-74.0043,0
40.7705,-73.8653,3
40.727,-73.9998,0
40.7465,-73.9976,0
40.7537,-73.9784,0
40.7922,-73.9697,0
40.7769,-73.9615,0
40.7654,-73.9583,0
40.7143,-73.9879,0
40.7614,-74.0019,0
40.6469,-73.7901,8
40.7689,-73.9591,0
40.7743,-73.8732,3
40.7586,-73.9725,0
40.7368,-73.9888,0
40.7552,-73.9848,0
40.7449,-73.9346,-1
40.7385,-73.9899,0
40.7287,-74.0069,0
40.7603,-73.9772,0
40.7413,-74.005,0
40.7578,-73.9819,0
40.7092,-74.0143,0
40.723,-73.9101,-1
40.7306,-73.9924,0
40.7626,-73.9657,0
40.7499,-73.9725,0
40.7269,-73.9856,0
40.7386,-74.0305,5
40.7278,-73.9838,0
40.7707,-73.9476,0
40.7569,-73.9786,0
40.6294,-73.9995,-1
40.7638,-73.9752,0
40.7581,-73.9683,0
40.7434,-74.0074,0
40.784,-73.9567,0
40.7471,-73.9969,0
40.7356,-74.0085,0
40.6686,-73.9934,-1
40.7219,-73.9835,0
40.7534,-73.9811,0
40.7339,-74.001,0
40.7521,-74.0031,0
40.7543,-73.9828,0
40.7259,-73.9998,0
40.729,-73.9982,0
40.6852,-73.9593,2
40.7743,-73.8725,3
40.7343,-74.0025,0
40.7069,-74.0048,0
40.7601,-73.9613,0
40.7587,-73.9749,0
40.7172,-74.0106,0
40.7357,-73.9968,0
40.7514,-73.9777,0
40.7579,-73.9729,0
40.7655,-73.9526,0
40.7168,-74.0023,0
40.7487,-73.9832,0
40.759,-73.9725,0
40.7728,-73.9476,0
40.7988,-74.0658,-1
40.7834,-73.9791,0
40.7453,-73.9948,0
40.7447,-73.9915,0
40.716,-73.9798,0
40.7648,-73.9802,0
40.7439,-73.9911,0
40.6808,-73.9945,2
40.7472,-73.9911,0
40.7654,-73.9659,0
40.7614,-73.9747,0
40.723,-74.0104,0
40.7613,-73.9877,0
40.6912,-73.9211,-1
40.7375,-74.0017,0
40.7519,-73.9948,0
40.8323,-73.9257,-1
40.7022,-73.9828,2
40.7412,-74.0059,0
40.758,-73.9704,0
40.7782,-73.9629,0
40.7713,-73.9896,0
40.6464,-73.7903,8
40.7439,-74.001,0
40.7714,-73.9822,0
40.7861,-73.9799,0
40.7606,-73.9742,0
40.7506,-73.9772,0
40.7492,-73.974,0
40.7795,-73.9614,0
40.7524,-73.9933,0
40.7571,-73.972,0
40.7589,-73.9747,0
40.6484,-73.7847,8
40.8054,-73.9459,0
40.6445,-73.7832,8
40.7471,-73.9934,0
40.9595,-74.0347,-1
40.7421,-73.9869,0
40.778,-73.9886,0
40.7385,-73.9939,0
40.7831,-73.9782,0
40.7441,-73.9742,0
40.7352,-74.006,0
40.754,-73.9742,0
40.6164,-73.9523,-1
40.7687,-73.8627,3
40.7779,-73.9555,0
40.7582,-74.0005,0
40.7357,-74.0006,0
40.7645,-73.9689,0
40.7775,-73.9822,0
40.7151,-74.002,0
40.765,-73.9631,0
40.7171,-74.0047,0
40.7676,-73.9909,0
40.7361,-73.9858,0
40.686,-73.9854,2
40.7301,-74.0004,0
40.7663,-73.9685,0
40.7502,-73.9945,0
40.7742,-73.9549,0
40.7686,-73.8627,3
40.8255,-74.0581,-1
40.7383,-74.0282,5
40.7457,-74.0056,0
40.724,-73.991,0
40.6742,-73.9822,-1
40.7289,-74.008,0
40.7474,-73.9853,0
40.7272,-73.9796,0
40.7335,-73.9973,0
40.7588,-73.9706,0
40.7639,-73.9978,0
40.7471,-73.9792,0
40.7048,-74.0094,0
40.7662,-73.9604,0
40.7228,-73.9931,0
40.7716,-73.9827,0
40.7641,-73.9826,0
40.6449,-73.7824,8
40.7407,-74.0077,0
40.7799,-73.9608,0
40.7771,-73.9594,0
40.7507,-73.9806,0
40.726,-74.0075,0
40.7379,-74.0065,0
40.7531,-73.9781,0
40.763,-73.9806,0
40.7464,-73.9857,0
40.7602,-73.9705,0
40.7191,-74.0036,0
40.7687,-73.8674,3
40.748,-74.0001,0
40.7435,-74.0073,0
40.7712,-73.9834,0
40.7685,-73.8624,3
40.7802,-73.9813,0
40.7478,-73.9852,0
40.7639,-73.9541,0
40.776,-73.9647,0
40.6416,-73.7884,8
40.7577,-73.9894,0
40.6813,-73.9771,2
40.7492,-73.9769,0
40.7688,-73.8624,3
40.7212,-73.9878,0
40.6886,-73.9852,2
40.7113,-74.0001,0
40.728,-73.988,0
40.7652,-73.9739,0
40.7461,-73.9752,0
40.7628,-73.9894,0
40.7323,-74.0077,0
40.8071,-73.9606,0
40.7764,-73.9765,0
40.7413,-73.9813,0
40.7196,-74.0087,0
40.6978,-73.9965,2
40.7267,-73.9948,0
40.7524,-73.9795,0
40.7676,-73.9684,0
40.7554,-73.9794,0
40.7245,-73.9975,0
40.7709,-73.8659,3
40.7653,-73.9698,0
40.7236,-74.0037,0
40.756,-73.9677,0
40.6502,-74.0143,-1
40.752,-73.9852,0
40.7707,-73.8656,3
40.7253,-74.0036,0
40.7255,-73.9965,0
40.7564,-74.0017,0
40.7506,-73.9953,0
40.6878,-74.1819,6
40.6767,-73.9994,2
40.7572,-73.9669,0
40.7349,-74.0002,0
40.7501,-74.0025,0
40.7261,-73.9918,0
40.7242,-73.9967,0
40.7498,-73.9922,0
40.6913,-73.9596,2
40.7643,-73.9688,0
40.7081,-74.0045,0
40.7695,-73.9226,-1
40.7432,-74.0076,0
40.7812,-73.9462,0
40.7749,-73.9606,0
40.781,-73.9492,0
40.7467,-73.9795,0
40.7167,-73.9647,1
40.7809,-73.9489,0
40.751,-73.9826,0
40.7394,-74.0016,0
40.7616,-74.0003,0
40.7585,-73.9639,0
40.7354,-73.9863,0
40.734,-73.9909,0
40.7063,-74.0089,0
40.7627,-73.9777,0
40.733,-73.9961,0
40.6655,-73.9827,-1
40.7407,-74.0045,0
40.7554,-73.9713,0
40.7047,-74.0118,0
40.7743,-73.9871,0
40.7788,-73.9822,0
40.7414,-73.9987,0
40.7092,-74.0163,0
40.7876,-74.0051,-1
40.7398,-73.9855,0
40.7484,-74.002,0
40.757,-73.9833,0
40.7593,-73.9809,0
40.6751,-73.9475,-1
40.7272,-74.0049,0
40.735,-73.9985,0
40.7242,-73.9989,0
40.7584,-74.004,0
40.7573,-73.9718,0
40.7874,-74.0773,-1
40.7178,-74.0042,0
40.7364,-74.036,5
40.7634,-73.9697,0
40.7632,-73.9746,0
40.7186,-73.9966,0
40.7367,-74.0052,0
40.7793,-73.9557,0
40.7406,-74.0357,5
40.7716,-73.9627,0
40.7521,-73.9935,0
40.7163,-74.0045,0
40.7414,-74.0062,0
40.7663,-73.9836,0
40.7273,-74.0048,0
40.7509,-73.9866,0
40.7213,-73.9923,0
40.7222,-74.0105,0
40.77,-73.9544,0
40.7701,-73.9624,0
40.7111,-74.0163,0
40.7901,-73.9751,0
40.735,-73.9933,0
40.7727,-73.9826,0
40.645,-73.7818,8
40.7542,-73.9788,0
40.6487,-73.783,8
40.7576,-73.9757,0
40.7337,-74.0017,0
40.7609,-73.9696,0
40.7509,-73.9845,0
40.7708,-73.8656,3
40.725,-74.0024,0
40.7711,-73.8653,3
40.7394,-74.0026,0
40.801,-73.9689,0
40.7356,-74.0033,0
40.7633,-73.9717,0
40.7737,-73.956,0
40.7521,-73.9901,0
40.7643,-73.9769,0
40.6464,-73.7899,8
40.7491,-73.9752,0
40.7418,-74.0045,0
40.7678,-73.9853,0
40.7712,-73.8664,3
40.7576,-73.9853,0
40.7557,-73.9722,0
40.7664,-73.9682,0
40.7349,-74.1646,-1
40.7535,-73.9787,0
40.7326,-73.9956,0
40.7412,-73.9785,0
40.7421,-74.0056,0
40.7651,-73.9691,0
40.7506,-73.9945,0
40.7518,-73.981,0
40.7616,-73.9864,0
40.7614,-73.9995,0
40.7624,-73.9806,0
40.7236,-74.0108,0
40.7663,-73.9539,0
40.7157,-74.0073,0
40.7711,-73.8666,3
40.7871,-73.9697,0
40.8427,-73.8367,-1
40.7603,-74.0027,0
40.7796,-73.9772,0
40.735,-74.0047,0
40.7449,-73.9873,0
40.7464,-73.9813,0
40.7852,-74.022,-1
40.7395,-74.0017,0
40.7325,-73.9901,0
40.7246,-73.9916,0
40.7606,-73.9836,0
40.7618,-73.9928,0
40.7441,-73.9844,0
40.7204,-73.9899,0
40.7915,-74.4775,-1
40.7464,-73.9951,0
40.6431,-73.7898,8
40.763,-73.9805,0
40.7742,-73.9831,0
40.761,-73.9771,0
40.7667,-73.9784,0
40.7722,-74.0132,-1
40.746,-73.986,0
40.6466,-73.7896,8
40.7889,-73.9761,0
40.7394,-73.9974,0
40.7688,-73.9698,0
40.7655,-73.9696,0
40.7258,-73.9999,0
40.8313,-73.9266,-1
40.7245,-74.0045,0
40.787,-73.9681,0
40.7716,-73.7924,-1
40.7569,-73.9828,0
40.645,-73.782,8
40.7586,-73.9749,0
40.7555,-73.9754,0
40.7553,-73.9746,0
40.8008,-73.9685,0
40.6427,-73.7891,8
40.766,-73.9829,0
40.7146,-73.9398,1
40.7404,-73.9819,0
40.7666,-73.9572,0
40.757,-73.972,0
40.7525,-73.9858,0
40.7803,-73.9757,0
40.7615,-73.9687,0
40.7448,-73.985,0
40.6774,-73.9983,2
40.7738,-73.9821,0
40.7294,-73.9918,0
40.772,-73.961,0
40.7609,-73.9983,0
40.7716,-73.9827,0
40.7316,-73.9544,-1
40.7404,-74.0063,0
40.7502,-74.0328,5
40.6465,-73.7901,8
40.7225,-74.0105,0
40.7712,-73.9896,0
40.7559,-73.9769,0
40.7547,-73.9711,0
40.7473,-73.9721,0
40.7219,-74.001,0
40.7359,-74.0009,0
40.7698,-73.9487,0
40.7626,-73.9684,0
40.7733,-73.9514,0
40.6717,-73.9577,-1
40.758,-73.9689,0
40.7658,-73.9826,0
40.6883,-73.9727,2
40.7568,-73.9718,0
40.7228,-73.998,0
40.7161,-73.9421,1
40.7571,-73.9874,0
40.7674,-73.9665,0
40.7573,-73.9823,0
40.7474,-74.0299,5
40.7457,-73.9941,0
40.714,-74.006,0
40.7441,-73.9855,0
40.7599,-73.9754,0
40.7578,-73.9832,0
40.6914,-73.7222,-1
40.7835,-73.9708,0
40.7519,-73.9911,0
40.7112,-73.9608,1
40.7039,-73.9866,2
40.7195,-73.9931,0
40.7606,-73.9625,0
40.7273,-73.9844,0
40.7536,-73.9835,0
40.7287,-74.0071,0
40.7271,-73.9916,0
40.7538,-74.0317,5
40.7692,-73.9828,0
40.7528,-73.9793,0
40.7162,-74.0066,0
40.7588,-73.9748,0
40.6819,-73.9759,2
40.7696,-73.9894,0
40.7308,-73.9929,0
40.7103,-73.9636,1
40.7329,-73.9751,0
40.7683,-73.8622,3
40.7324,-74.0037,0
40.7745,-73.9638,0
40.7595,-73.9942,0
40.7624,-73.972,0
40.7271,-74.0073,0
40.7554,-73.9773,0
40.7388,-74.0003,0
40.7364,-73.9975,0
40.7274,-74.0008,0
40.6794,-73.9322,-1
40.7386,-73.982,0
40.7583,-73.9709,0
40.6416,-73.7886,8
40.7676,-74.0604,-1
40.758,-73.9814,0
40.645,-73.7819,8
40.7403,-73.9886,0
40.7146,-74.0105,0
40.8141,-73.9496,-1
40.7478,-73.9946,0
40.7279,-73.9822,0
40.6464,-73.7771,8
40.7371,-73.9983,0
40.6952,-74.1785,6
40.6567,-74.0083,-1
40.7104,-73.9847,0
40.7588,-73.9849,0
40.7868,-73.972,0
40.7634,-73.9803,0
40.7999,-73.6507,-1
40.754,-73.9885,0
40.7283,-73.988,0
40.8071,-73.9649,0
40.7398,-73.9926,0
40.7581,-73.9729,0
40.7211,-73.9556,1
40.7216,-73.9975,0
40.786,-73.9708,0
40.7138,-74.0092,0
40.7216,-73.9806,0
40.7297,-74.0044,0
40.7584,-73.9852,0
40.7501,-73.9946,0
40.7564,-73.9926,0
40.7204,-73.9847,0
40.7471,-73.9971,0
40.6874,-73.9979,2
40.7593,-73.979,0
40.7466,-73.9819,0
40.753,-73.9966,0
40.736,-74.0403,5
40.7247,-73.9923,0
40.7615,-73.9794,0
40.724,-73.9969,0
40.7401,-73.9845,0
40.7548,-73.9736,0
40.7078,-74.0116,0
40.7508,-74.0036,0
40.7103,-73.9845,0
40.7748,-73.984,0
40.7073,-73.9657,1
40.7582,-73.9764,0
40.762,-73.9938,0
40.7513,-73.9941,0
40.7288,-73.9919,0
40.7215,-73.9974,0
40.7046,-74.0095,0
40.7393,-73.9935,0
40.7588,-73.9814,0
40.7391,-73.9817,0
40.7466,-73.9802,0
40.7257,-73.9976,0
40.771,-73.8661,3
40.7082,-74.0145,0
40.7591,-73.9765,0
40.7502,-73.9832,0
40.6836,-73.9975,2
40.7396,-73.9851,0
40.7759,-73.9442,0
40.7423,-74.0007,0
40.7386,-73.9897,0
40.7295,-73.9981,0
40.7492,-73.9823,0
40.7418,-74.0039,0
40.7175,-73.9839,0
40.7688,-73.8625,3
40.7725,-73.9631,0
40.771,-73.866,3
40.7629,-73.9716,0
40.7548,-73.974,0
40.7602,-73.9735,0
40.7398,-73.9856,0
40.7638,-73.904,-1
40.7449,-73.9813,0
40.7308,-73.9953,0
40.7643,-73.9673,0
40.7054,-74.0077,0
40.7617,-73.9728,0
40.7267,-73.9998,0
40.643,-73.7895,8
40.6749,-74.0164,-1
40.7487,-73.9781,0
40.7634,-73.9849,0
40.7378,-73.9901,0
40.7164,-74.0096,0
40.7273,-73.9997,0
40.7615,-73.9745,0
40.7512,-74.0067,0
40.7495,-73.9923,0
40.7285,-74.0467,4
40.7377,-73.9936,0
40.769,-73.9815,0
40.7507,-73.9977,0
40.7315,-73.9352,-1
40.7622,-73.9704,0
40.7403,-73.9905,0
40.7209,-73.9949,0
40.7309,-74.0016,0
40.7383,-73.9894,0
40.7561,-73.9911,0
40.7554,-73.9837,0
40.7671,-73.9667,0
40.7342,-73.9936,0
40.7421,-73.995,0
40.7806,-73.9872,0
40.7267,-73.9992,0
40.7259,-73.9797,0
40.7522,-73.9854,0
40.7343,-74.0025,0
40.7667,-73.9819,0
40.7905,-73.9736,0
40.7102,-73.9627,1
40.763,-73.9663,0
40.7376,-74.009,0
40.7179,-73.9894,0
40.7729,-73.9601,0
40.7779,-73.9758,0
40.7164,-74.0078,0
40.7608,-73.9864,0
40.7366,-73.9931,0
40.7577,-73.9751,0
40.7726,-73.9611,0
40.7627,-73.9714,0
40.699,-73.9951,2
40.7565,-73.9743,0
40.7427,-74.0074,0
40.7216,-74.0046,0
40.7555,-73.9763,0
40.7664,-73.9608,0
40.7051,-74.0077,0
40.7752,-73.9635,0
40.7553,-73.9838,0
40.764,-73.9882,0
40.6705,-73.9851,-1
40.7456,-74.009,0
40.7419,-74.0038,0
40.7618,-73.9994,0
40.7594,-73.9736,0
40.7638,-73.9786,0
40.7643,-73.9635,0
40.7247,-73.9988,0
40.7404,-73.9927,0
40.7217,-73.9945,0
40.7428,-73.9807,0
40.7743,-73.9812,0
40.7591,-73.9942,0
40.7634,-73.974,0
40.6258,-74.2437,-1
40.7712,-73.9814,0
40.7705,-73.865,3
40.7563,-73.9855,0
40.7388,-74.006,0
40.7533,-73.9697,0
40.7146,-74.0155,0
40.7075,-73.9292,-1
40.7225,-74.0071,0
40.718,-73.9905,0
40.7256,-74.0051,0
40.6855,-73.9594,2
40.6543,-74.3028,-1
40.7657,-73.9718,0
40.7405,-74.0078,0
40.7683,-73.9595,0
40.7233,-73.9974,0
40.7547,-73.972,0
40.7476,-74.0336,5
40.7568,-73.974,0
40.7537,-73.9679,0
40.7496,-73.9813,0
40.737,-73.9888,0
40.7459,-73.9999,0
40.7694,-73.981,0
40.7385,-73.9855,0
40.7696,-73.9603,0
40.7213,-74.0013,0
40.7348,-73.9996,0
40.7741,-73.8726,3
40.7446,-73.9905,0
40.7278,-74.0052,0
40.7501,-73.9749,0
40.7646,-73.9779,0
40.7733,-73.9548,0
40.7678,-73.9829,0
40.7075,-74.0047,0
40.7192,-73.9983,0
40.7113,-73.9484,1
40.7223,-74.0038,0
40.7628,-73.9691,0
40.7469,-73.9964,0
40.7792,-73.988,0
40.723,-74.0104,0
40.765,-73.977,0
40.6818,-73.9961,2
40.7543,-73.9828,0
40.7254,-73.9894,0
40.7622,-73.9788,0
40.7325,-73.9879,0
40.7399,-73.9857,0
40.7619,-73.9818,0
40.7424,-74.0045,0
40.7529,-73.9792,0
40.8262,-73.9439,-1
40.7347,-74.0089,0
40.7554,-73.9731,0
40.7547,-73.9778,0
40.7032,-74.0143,0
40.7616,-73.9678,0
40.7254,-74.0091,0
40.7228,-74.0001,0
40.7636,-73.9755,0
40.7739,-73.8727,3
40.7324,-73.9768,0
40.7641,-73.9989,0
40.7225,-73.9492,1
40.7256,-74.0101,0
40.7248,-73.9984,0
40.7521,-73.9751,0
40.7501,-74.0023,0
40.7334,-73.99,0
40.7648,-73.9686,0
40.7271,-74.035,4
40.6833,-73.9768,2
40.7678,-73.9833,0
40.823,-74.1157,-1
40.7562,-73.9773,0
40.7301,-73.9934,0
40.7966,-73.9725,0
40.7702,-73.9666,0
40.756,-73.9847,0
40.7456,-73.9782,0
40.7105,-74.0173,0
40.7716,-73.9904,0
40.7541,-73.9827,0
40.7407,-73.9869,0
40.7741,-73.8725,3
40.7411,-73.9866,0
40.7688,-73.8625,3
40.7636,-73.9636,0
40.7518,-73.9844,0
40.7571,-73.9866,0
40.742,-74.0038,0
40.7744,-73.9515,0
40.7787,-73.9537,0
40.7681,-73.9681,0
40.7633,-73.9853,0
40.6951,-74.1786,6
40.7388,-74.0075,0
40.7417,-73.9822,0
40.7474,-73.9969,0
40.7199,-74.0078,0
40.7554,-74.0313,5
40.7218,-74.006,0
40.7512,-73.9717,0
40.7809,-73.9608,0
40.7361,-73.9872,0
40.7141,-73.9623,1
40.7454,-73.9988,0
40.7544,-73.9692,0
40.7523,-73.993,0
40.7152,-74.0477,4
40.7497,-73.9818,0
40.729,-73.9934,0
40.7731,-73.9903,0
40.7739,-73.8725,3
40.7623,-73.9787,0
40.7512,-73.9742,0
40.7796,-73.9538,0
40.7684,-73.8623,3
40.6877,-73.9747,2
40.7234,-73.9957,0
40.7647,-73.9705,0
40.7236,-73.9966,0
40.7574,-73.972,0
40.7607,-73.9798,0
40.7399,-73.974,0
40.7799,-73.9745,0
40.7334,-74.0025,0
40.7048,-73.8175,-1
40.7802,-73.9756,0
40.7801,-73.9831,0
40.6448,-73.7826,8
40.7896,-73.9759,0
40.7702,-73.8642,3
40.7359,-73.9979,0
40.7338,-74.0013,0
40.7592,-73.9792,0
40.7883,-74.0456,-1
40.7196,-74.0364,4
40.6791,-73.9683,2
40.7039,-74.0077,0
40.7193,-74.0425,4
40.7318,-74.0011,0
40.7232,-74.0033,0
40.7655,-73.9663,0
40.7573,-73.9743,0
40.7604,-73.9581,0
40.7371,-73.9885,0
40.7235,-74.0029,0
40.7594,-73.9775,0
40.7024,-73.9868,2
40.7168,-74.0145,0
40.7446,-73.9909,0
40.7596,-73.9755,0
40.7557,-73.9731,0
40.7639,-73.979,0
40.7477,-73.9923,0
40.7293,-73.996,0
40.773,-73.8855,10
40.705,-74.0123,0
40.7577,-73.978,0
40.7734,-73.9791,0
40.7483,-73.9568,-1
40.7404,-73.9865,0
40.7731,-73.8858,10
40.7667,-73.9599,0
40.7555,-73.9765,0
40.7741,-73.963,0
40.6844,-73.962,2
40.6774,-74.0145,-1
40.7559,-73.9787,0
40.9002,-73.9385,-1
40.7342,-74.0013,0
40.7442,-74.0066,0
40.7343,-74.0025,0
40.7501,-73.9913,0
40.7521,-73.9858,0
40.7569,-73.9734,0
40.7408,-74.0055,0
40.7686,-73.8627,3
40.7484,-74.0055,0
40.7683,-73.8623,3
40.7664,-73.9516,0
40.7612,-73.964,0
40.7612,-73.9739,0
40.7485,-73.9924,0
40.7346,-73.9865,0
40.7454,-73.9932,0
40.722,-74.0041,0
40.7093,-74.0177,0
40.7267,-74.0076,0
40.728,-74.0071,0
40.7606,-73.9737,0
40.7444,-73.9732,0
40.7396,-74.0055,0
40.7533,-73.9737,0
40.7502,-73.9949,0
40.7581,-73.9892,0
40.7682,-73.957,0
40.7641,-73.9765,0
40.7305,-74.0465,4
40.7576,-73.9738,0
40.7161,-74.0041,0
40.7742,-73.964,0
40.7423,-74.0044,0
40.802,-73.9695,0
40.7634,-73.9788,0
40.7607,-73.9783,0
40.7071,-74.0084,0
40.7372,-74.0058,0
40.7741,-73.8723,3
40.7566,-73.9828,0
40.7357,-74.0074,0
40.7094,-74.0179,0
40.6762,-73.8357,-1
40.7509,-74.0039,0
40.7377,-73.9804,0
40.7656,-73.9874,0
40.7635,-73.9795,0
40.7206,-73.9971,0
40.7671,-73.9583,0
40.7853,-73.9713,0
40.7397,-73.9525,-1
40.7559,-73.969,0
40.7151,-74.0093,0
40.7453,-73.991,0
40.768,-73.9915,0
40.7378,-74.0002,0
40.7596,-73.9697,0
40.7413,-73.9984,0
40.7161,-74.0151,0
40.6262,-74.0233,-1
40.7199,-74.0014,0
40.7443,-73.9955,0
40.7507,-73.9941,0
40.7496,-73.9739,0
40.7236,-74.0109,0
40.6772,-73.9917,2
40.8052,-73.9952,-1
40.7555,-73.9877,0
40.7814,-73.8411,-1
40.727,-74.0073,0
40.7664,-73.9778,0
40.5989,-73.9719,-1
40.726,-73.9895,0
40.7202,-73.9874,0
40.7221,-73.8675,-1
40.6881,-73.9628,2
40.7703,-73.966,0
40.7822,-73.9828,0
40.6553,-73.7367,-1
40.7477,-73.9879,0
40.7435,-73.9997,0
40.7594,-73.9634,0
40.7154,-74.0076,0
40.7478,-74.0266,5
40.7422,-74.0045,0
40.76,-73.9651,0
40.7364,-74.0071,0
40.7607,-73.999,0
40.7473,-73.997,0
40.7712,-73.9679,0
40.742,-74.0055,0
40.738,-73.996,0
40.7647,-73.9841,0
40.7582,-73.9661,0
40.7282,-73.953,1
40.7453,-73.9849,0
40.7704,-73.962,0
40.7471,-74.0005,0
40.7205,-74.0054,0
40.7604,-73.976,0
40.7518,-73.9769,0
40.7077,-74.0092,0
40.7588,-73.9917,0
40.6108,-73.9276,-1
40.7278,-73.9912,0
40.8942,-73.8991,-1
40.7571,-73.9913,0
40.742,-74.0038,0
40.737,-74.0027,0
40.7387,-74.0055,0
40.6842,-73.9775,2
40.7075,-74.002,0
40.7141,-73.9894,0
40.7494,-73.9922,0
40.7616,-73.9747,0
40.7277,-74.0072,0
40.7283,-73.9869,0
40.7599,-73.9824,0
40.7755,-73.9621,0
40.7869,-73.9778,0
40.7496,-73.9774,0
40.6916,-73.9181,-1
40.7868,-73.9503,0
40.7232,-74.0062,0
40.7847,-73.9699,0
40.7389,-74.1689,-1
40.7561,-73.973,0
40.6951,-74.1784,6
40.7559,-73.984,0
40.7466,-73.9935,0
40.7919,-73.9684,0
40.7136,-73.9854,0
40.7719,-73.959,0
40.7025,-73.9896,2
40.646,-73.7768,8
40.7847,-73.97,0
40.72,-73.988,0
40.7431,-74.0082,0
40.7605,-73.9706,0
40.6466,-73.7896,8
40.7196,-73.9579,1
40.8092,-73.9536,0
40.7818,-73.981,0
40.7256,-73.9969,0
40.6827,-73.9547,2
40.7077,-74.0068,0
40.7296,-73.9984,0
40.7225,-73.9878,0
40.7368,-73.9847,0
40.7246,-73.9971,0
40.7257,-73.9844,0
40.7417,-73.9894,0
40.7905,-73.9737,0
40.7138,-74.0086,0
40.7315,-73.9885,0
40.768,-73.9532,0
40.7406,-74.0057,0
40.7457,-73.9802,0
40.7711,-73.982,0
40.7576,-73.9663,0
40.7381,-73.991,0
40.7483,-73.9728,0
40.7656,-73.9824,0
40.7418,-73.9854,0
40.7573,-73.9877,0
40.7482,-73.9022,-1
40.773,-74.0236,-1
40.7329,-73.9812,0
40.7418,-74.0363,5
40.7723,-73.9641,0
40.823,-73.9309,-1
40.7758,-73.9841,0
40.7597,-73.9773,0
40.759,-73.9803,0
40.7458,-74.0401,5
40.7755,-73.9504,0
40.7567,-73.9668,0
40.735,-74.3766,-1
40.7346,-74.0098,0
40.7618,-73.9747,0
40.7494,-74.0028,0
40.7559,-73.9678,0
40.7739,-73.8725,3
40.7406,-74.0021,0
40.7252,-73.9981,0
40.7905,-73.9722,0
40.7196,-73.9592,1
40.7726,-73.9786,0
40.7218,-74.0041,0
40.7417,-74.0046,0
40.7663,-73.9525,0
40.7567,-73.9821,0
40.7635,-73.9809,0
40.7347,-73.9844,0
40.7493,-73.9756,0
40.7078,-74.0133,0
40.7425,-73.9854,0
40.7502,-73.984,0
40.7797,-73.95,0
40.7239,-73.9921,0
40.7751,-73.977,0
40.7536,-73.9803,0
40.7478,-73.9297,-1
40.7727,-73.9495,0
40.7597,-73.9662,0
40.7093,-74.0165,0
40.7887,-73.9553,0
40.7515,-73.98,0
40.7817,-73.9562,0
40.6853,-73.9642,2
40.7597,-73.9878,0
40.8078,-73.9639,0
40.7834,-73.9789,0
40.7463,-73.9939,0
40.7153,-73.9932,0
40.7804,-73.9517,0
40.7583,-73.9746,0
40.7694,-73.9281,-1
40.7663,-73.9682,0
40.7494,-73.9778,0
40.7535,-73.9721,0
40.7641,-73.9787,0
40.721,-74.0045,0
40.7571,-73.9894,0
40.7622,-73.972,0
40.731,-74.0029,0
40.7494,-73.9876,0
40.7464,-74.0083,0
40.7406,-74.0055,0
40.7417,-73.9992,0
40.7195,-74.0068,0
40.7203,-74.343,-1
40.7563,-73.9679,0
40.7394,-74.0278,5
40.7088,-74.0172,0
40.7537,-73.9716,0
40.7285,-73.9998,0
40.7263,-73.9803,0
40.7241,-74.0396,4
40.7189,-74.0023,0
40.7597,-73.9651,0
40.7368,-73.9888,0
40.6459,-73.7768,8
40.7642,-73.9737,0
40.7556,-73.9814,0
40.7095,-74.0118,0
40.7385,-73.9854,0
40.6986,-73.8954,-1
40.7586,-73.9728,0
40.7708,-73.8658,3
40.7386,-73.9883,0
40.7323,-73.9966,0
40.7711,-73.9243,-1
40.7746,-73.964,0
40.7508,-73.9745,0
40.7543,-73.9755,0
40.71,-74.0156,0
40.7834,-73.9788,0
40.7625,-73.9703,0
40.7678,-73.9852,0
40.752,-73.9856,0
40.7752,-73.9768,0
40.7467,-74.0019,0
40.746,-74.0054,0
40.7556,-73.9859,0
40.7155,-74.0051,0
40.6827,-73.9763,2
40.7388,-74.0092,0
40.7101,-73.9626,1
40.773,-73.9603,0
40.716,-74.004,0
40.751,-73.9823,0
40.7736,-73.9497,0
40.7253,-74.0035,0
40.7612,-73.9975,0
40.7619,-73.9864,0
40.7257,-74.0059,0
40.7386,-73.9898,0
40.7037,-73.9859,2
40.7916,-73.9529,0
40.7368,-73.9744,0
40.7203,-74.0111,0
40.7614,-73.9737,0
40.747,-73.9928,0
40.7438,-73.9759,0
40.733,-73.9963,0
40.726,-74.0039,0
40.7524,-73.982,0
40.7582,-73.9815,0
40.7245,-74.002,0
40.6852,-73.9774,2
40.6867,-73.9636,2
40.7555,-73.9817,0
40.6876,-73.9738,2
40.7253,-74.009,0
40.7462,-73.9567,-1
40.7889,-73.955,0
40.812,-73.9616,0
40.8191,-74.1223,-1
40.776,-73.9873,0
40.6908,-73.9967,2
40.7709,-73.8658,3
40.7119,-73.9631,1
40.7492,-74.0031,0
40.769,-73.9648,0
40.7747,-73.9561,0
40.6955,-74.1779,6
40.7076,-74.0085,0
40.7074,-73.9483,1
40.7595,-73.9722,0
40.7509,-73.9806,0
40.779,-73.9556,0
40.731,-74.1684,-1
40.7396,-73.9927,0
40.7254,-74.0054,0
40.6772,-74.0142,-1
40.7051,-74.0074,0
40.7685,-73.9868,0
40.7262,-73.9918,0
40.758,-73.9776,0
40.7626,-73.9713,0
40.7565,-73.9978,0
40.7299,-73.9988,0
40.8077,-73.9514,0
40.7808,-73.9502,0
40.6911,-73.9896,2
40.695,-74.1784,6
40.6863,-73.9936,2
40.7401,-73.9741,0
40.7166,-73.9542,1
40.766,-73.9569,0
40.7278,-73.9947,0
40.7061,-74.0163,0
40.778,-73.9566,0
40.7529,-73.9678,0
40.7253,-73.9948,0
40.7708,-73.9798,0
40.7851,-73.9556,0
40.7647,-73.9816,0
40.7408,-73.9893,0
40.7541,-74.0326,5
40.747,-73.9854,0
40.6743,-73.982,-1
40.7278,-73.9792,0
40.7149,-74.0114,0
40.7584,-73.9862,0
40.7303,-74.0046,0
40.7708,-73.9552,0
40.74,-73.9881,0
40.7468,-74.0319,5
40.7417,-74.0035,0
40.7494,-73.9817,0
40.7516,-73.9768,0
40.7561,-73.9828,0
40.7537,-73.9808,0
40.7267,-73.9925,0
40.7498,-73.9725,0
40.7177,-73.9923,0
40.7638,-73.9734,0
40.747,-73.9563,-1
40.7739,-73.8726,3
40.7743,-73.9617,0
40.7607,-73.9989,0
40.7594,-73.9641,0
40.654,-73.9516,-1
40.7218,-74.0043,0
40.7569,-73.9791,0
40.7288,-73.9954,0
40.7907,-73.9782,0
40.7603,-73.9876,0
40.7686,-73.9614,0
40.8635,-73.9171,-1
40.7513,-73.9797,0
40.7225,-73.9976,0
40.7237,-73.9938,0
40.7684,-73.9674,0
40.7583,-73.9709,0
40.7504,-73.9788,0
40.739,-73.9897,0
40.7566,-73.9746,0
40.6449,-73.7821,8
40.7519,-73.9884,0
40.7288,-73.9787,0
40.735,-74.003,0
40.7405,-73.9947,0
40.737,-73.9929,0
40.7233,-73.997,0
40.758,-73.8447,-1
40.744,-73.9835,0
40.7743,-73.9534,0
40.7577,-73.9907,0
40.7778,-73.9595,0
40.689,-73.9581,2
40.7553,-73.9758,0
40.7377,-73.9802,0
40.6943,-74.1771,6
40.7444,-73.9915,0
40.7298,-74.0042,0
40.7227,-73.9421,1
40.7553,-74.0305,5
40.7497,-73.9716,0
40.7615,-73.975,0
40.7437,-73.9809,0
40.7301,-74.0069,0
40.7451,-74.0314,5
40.7697,-73.9916,0
40.7312,-74.1733,-1
40.7708,-73.8657,3
40.7609,-73.9734,0
40.7259,-73.9896,0
40.7872,-73.968,0
40.7583,-73.8448,-1
40.7863,-73.956,0
40.7454,-73.991,0
40.7791,-73.9575,0
40.7802,-73.9553,0
40.6788,-73.9868,2
40.7475,-73.9864,0
40.7023,-74.0124,0
40.7235,-74.0047,0
40.7613,-73.9682,0
40.7458,-73.9841,0
40.7304,-74.0461,4
40.7772,-73.9753,0
40.7475,-74.0102,0
40.6947,-73.9887,2
40.7096,-74.0069,0
40.8033,-73.957,0
40.7332,-74.0065,0
40.7968,-73.9688,0
40.7459,-74.0076,0
40.7611,-73.9789,0
40.7476,-74.0296,5
40.725,-73.9922,0
40.7653,-73.9874,0
40.7659,-73.9758,0
40.74,-74.007,0
40.7254,-73.9874,0
40.76,-73.9669,0
40.7598,-73.9783,0
40.7127,-74.0337,4
40.7734,-73.9619,0
40.7524,-73.9796,0
40.7788,-73.9822,0
40.7566,-74.0013,0
40.7606,-73.9698,0
40.7755,-73.9858,0
40.7154,-74.0094,0
40.781,-73.9474,0
40.7443,-73.9544,-1
40.7174,-74.0015,0
40.7696,-73.9808,0
40.7579,-73.9663,0
40.7617,-73.9746,0
40.7552,-73.9789,0
40.6836,-73.9887,2
40.7195,-74.0085,0
40.7799,-73.9817,0
40.7835,-73.9811,0
40.7509,-73.9944,0
40.7601,-73.9698,0
40.7686,-73.9499,0
40.7423,-74.0044,0
40.7248,-73.9842,0
40.7602,-73.9674,0
40.688,-74.1829,6
40.7775,-73.9831,0
40.7707,-73.9919,0
40.7529,-73.9812,0
40.7787,-73.9558,0
40.7118,-73.9499,1
40.7094,-74.014,0
40.7728,-73.9793,0
40.7429,-74.0023,0
40.7191,-74.0103,0
40.7257,-74.0058,0
40.7684,-73.8624,3
40.7239,-74.0046,0
40.7121,-74.0387,4
40.7395,-74.0331,5
40.7617,-74.001,0
40.7739,-73.8716,3
40.7644,-73.9657,0
40.7487,-73.9844,0
40.783,-73.9713,0
40.7509,-73.9786,0
40.7222,-73.9999,0
40.7354,-73.9944,0
40.7399,-74.0359,5
40.7534,-73.986,0
40.7249,-73.9921,0
40.693,-73.9979,2
40.7599,-73.9729,0
40.7209,-73.9925,0
40.645,-73.7819,8
40.7695,-73.9835,0
40.7273,-74.0053,0
40.7393,-74.0421,5
40.7418,-73.9831,0
40.7567,-73.9852,0
40.6466,-73.7897,8
40.758,-73.9756,0
40.698,-74.3037,-1
40.7438,-73.9848,0
40.7533,-73.941,7
40.7824,-73.9584,0
40.734,-73.993,0
40.7686,-73.8626,3
40.7574,-74.0009,0
40.7548,-73.9847,0
40.7443,-73.9876,0
40.7557,-73.9729,0
40.753,-73.9887,0
40.7646,-73.9664,0
40.7652,-73.9751,0
40.7638,-73.9762,0
40.6466,-73.7895,8
40.7375,-74.0054,0
40.7239,-74.0034,0
40.7653,-73.9681,0
40.6761,-73.956,-1
40.6879,-74.1814,6
40.716,-74.0087,0
40.6449,-73.7823,8
40.7387,-73.9897,0
40.7233,-73.9912,0
40.762,-73.9661,0
40.7341,-73.9885,0
40.7501,-73.9742,0
40.7839,-73.9739,0
40.6764,-73.9772,2
40.7366,-73.9906,0
40.711,-74.0172,0
40.7288,-73.9994,0
40.7727,-73.9495,0
40.7587,-73.9693,0
40.7265,-73.9955,0
40.6944,-73.9207,-1
40.7548,-73.9779,0
40.6273,-73.9686,-1
40.7741,-73.8724,3
40.7455,-74.0087,0
40.7463,-74.0298,5
40.7764,-73.9527,0
40.737,-73.998,0
40.7189,-74.0,0
40.743,-74.0076,0
40.7444,-73.9905,0
40.7625,-73.9934,0
40.7439,-73.9912,0
40.7632,-73.9738,0
40.7501,-73.9761,0
40.7295,-73.987,0
40.7262,-73.999,0
40.7576,-73.9691,0
40.6717,-73.9547,-1
40.7605,-73.9896,0
40.7554,-73.9833,0
40.765,-73.9726,0
40.7335,-74.0043,0
40.7713,-73.982,0
40.7683,-73.9845,0
40.7485,-73.9802,0
40.7648,-73.9724,0
40.7207,-74.0004,0
40.7262,-74.0077,0
40.6719,-73.964,-1
40.788,-73.9757,0
40.7336,-74.0023,0
40.7772,-73.9614,0
40.7331,-74.0001,0
40.7224,-74.0037,0
40.7482,-73.9995,0
40.7342,-73.9818,0
40.7544,-73.9828,0
40.7833,-73.9506,0
40.6433,-73.7895,8
40.7571,-73.9822,0
40.7241,-73.9972,0
40.7649,-73.9835,0
40.7208,-73.9552,1
40.7863,-74.0428,-1
40.7572,-73.968,0
40.7725,-73.9613,0
40.749,-73.9696,0
40.7565,-73.9828,0
40.658,-74.402,-1
40.7011,-73.9465,-1
40.6655,-73.9204,-1
40.6457,-73.7766,8
40.7642,-73.9543,0
40.7271,-74.0347,4
40.7629,-73.9894,0
40.7766,-73.9599,0
40.7411,-73.9925,0
40.7274,-73.9914,0
40.7418,-74.0033,0
40.7412,-73.9883,0
40.7431,-74.0293,5
40.7502,-73.9947,0
40.7473,-74.0046,0
40.7342,-74.0062,0
40.7588,-73.975,0
40.7701,-73.9648,0
40.7804,-73.9873,0
40.7396,-74.0041,0
40.7272,-73.9935,0
40.7633,-73.9885,0
40.7987,-73.5307,-1
40.775,-73.9652,0
40.7646,-73.9956,0
40.744,-73.9879,0
40.7479,-74.0026,0
40.74,-74.0057,0
40.7669,-73.9677,0
40.7945,-73.9626,0
40.7289,-73.9874,0
40.7591,-73.9194,9
40.7783,-73.9807,0
40.771,-73.8659,3
40.719,-74.0341,4
40.7871,-73.9776,0
40.7475,-73.9854,0
40.7577,-73.9783,0
40.7484,-73.886,-1
40.7149,-73.9589,1
40.6694,-73.9041,-1
40.7553,-73.9771,0
40.7409,-73.992,0
40.8023,-73.9504,0
40.7641,-73.9762,0
40.7757,-73.9831,0
40.6483,-73.7824,8
40.7487,-73.9868,0
40.7434,-73.9881,0
40.7211,-73.9962,0
40.7295,-74.008,0
40.7845,-73.9556,0
40.86,-73.9142,-1
40.7537,-73.9783,0
40.7443,-73.9805,0
40.7284,-74.0048,0
40.7253,-73.9921,0
40.7627,-73.9731,0
40.7753,-73.9904,0
40.7144,-73.9971,0
40.7769,-73.9822,0
40.7582,-74.0002,0
40.7369,-73.9979,0
40.7042,-74.0097,0
40.7544,-73.9634,0
40.7523,-73.993,0
40.7768,-73.9552,0
40.7425,-74.0362,5
40.7626,-73.9754,0
40.7659,-73.9706,0
40.7537,-73.9813,0
40.7394,-73.9921,0
40.7597,-73.958,0
40.7858,-73.9727,0
40.7638,-73.9733,0
40.7649,-73.9833,0
40.7524,-73.9676,0
40.7559,-73.9746,0
40.7557,-73.9195,9
40.7637,-73.9766,0
40.7667,-73.9594,0
40.7193,-74.0092,0
40.7438,-73.9894,0
40.7338,-73.9928,0
40.7691,-73.9813,0
40.7561,-73.9714,0
40.7552,-73.9881,0
40.721,-73.9555,1
40.7762,-73.9797,0
40.7554,-73.9839,0
40.7311,-74.0103,0
40.6939,-73.9098,-1
40.7502,-73.9863,0
40.7444,-73.9846,0
40.8371,-73.9429,-1
40.7367,-74.0038,0
40.7775,-73.9109,-1
40.7752,-73.9592,0
40.7581,-73.9219,9
40.7445,-73.9557,-1
40.7566,-73.9738,0
40.7841,-73.9814,0
40.7463,-74.0052,0
40.7198,-73.9993,0
40.7395,-74.0275,5
40.7485,-74.0025,0
40.7221,-73.9984,0
40.7257,-74.0058,0
40.6789,-73.9699,2
40.6886,-73.987,2
40.775,-73.965,0
40.7272,-73.9879,0
40.7413,-73.9912,0
40.7645,-73.9957,0
40.779,-73.9622,0
40.6459,-73.7768,8
40.7178,-74.0035,0
40.774,-73.8721,3
40.7638,-73.9798,0
40.7911,-73.9535,0
40.8183,-73.9606,-1
40.7218,-73.9998,0
40.7198,-74.0004,0
40.7144,-74.0154,0
40.7568,-73.9848,0
40.752,-73.9767,0
40.7412,-74.0001,0
40.7531,-73.9662,0
40.7452,-73.9768,0
40.7702,-73.966,0
40.7507,-73.9745,0
40.7304,-74.0068,0
40.7682,-73.9957,0
40.7654,-73.9975,0
40.7145,-74.0814,-1
40.7582,-73.969,0
40.7196,-73.9947,0
40.7683,-73.8621,3
40.7507,-74.0247,5
40.7639,-73.9741,0
40.7455,-73.9887,0
40.7543,-73.9924,0
40.7208,-74.0029,0
40.7396,-73.9925,0
40.7394,-73.9884,0
40.7375,-74.0313,5
40.7319,-73.9964,0
40.7396,-73.999,0
40.7879,-73.9758,0
40.7606,-73.999,0
40.754,-73.9798,0
40.6835,-73.9561,2
40.7236,-74.0106,0
40.7445,-73.9811,0
40.7389,-73.9943,0
40.6639,-73.9631,-1
40.742,-74.0046,0
40.6814,-73.9169,-1
40.7703,-73.9661,0
40.7552,-73.9769,0
40.8395,-73.9408,-1
40.7853,-73.9536,0
40.7431,-74.0075,0
40.741,-73.9857,0
40.7439,-74.0064,0
40.706,-74.0085,0
40.7725,-73.9551,0
40.7358,-74.0288,5
40.7469,-74.0082,0
40.6836,-73.9769,2
40.7407,-74.0058,0
40.7214,-73.9926,0
40.6432,-73.7896,8
40.741,-74.0357,5
40.7602,-73.9816,0
40.7792,-73.9578,0
40.7554,-74.0316,5
40.7267,-73.9963,0
40.7643,-73.9957,0
40.7353,-74.0018,0
40.7398,-74.006,0
40.7733,-73.979,0
40.7783,-73.9585,0
40.7829,-73.9551,0
40.7677,-73.9917,0
40.7762,-73.9107,-1
40.7467,-73.9937,0
40.7417,-74.0069,0
40.7595,-73.9723,0
40.7545,-73.8539,-1
40.7598,-74.0224,-1
40.7224,-73.9982,0
40.7715,-73.9885,0
40.7285,-74.0467,4
40.7393,-73.995,0
40.7624,-73.963,0
40.788,-73.9674,0
40.7459,-73.9881,0
40.779,-73.9483,0
40.7702,-73.9577,0
40.7758,-73.949,0
40.7342,-73.9909,0
40.7579,-73.9714,0
40.7491,-74.0016,0
40.7187,-73.9533,1
40.7432,-74.0067,0
40.7398,-74.0067,0
40.7561,-73.9774,0
40.7502,-74.029,5
40.767,-73.9815,0
40.7377,-73.9936,0
40.7573,-73.9728,0
40.7231,-74.001,0
40.7603,-73.9801,0
40.6727,-73.8665,-1
40.7192,-73.9998,0
40.7308,-73.9833,0
40.7677,-73.9695,0
40.7646,-73.9757,0
40.7485,-73.9393,7
40.7741,-73.9484,0
40.7556,-73.9928,0
40.7453,-73.9944,0
40.7384,-74.0097,0
40.7074,-74.0072,0
40.6515,-74.3468,-1
40.7511,-73.994,0
40.775,-73.9628,0
40.7629,-73.9839,0
40.7619,-73.9748,0
40.751,-74.0042,0
40.7107,-73.9877,0
40.759,-73.9681,0
40.7592,-73.9724,0
40.7609,-73.9745,0
40.7568,-73.982,0
40.7528,-73.9725,0
40.7405,-74.0057,0
40.7268,-74.0003,0
40.7388,-74.0087,0
40.7376,-74.0,0
40.695,-74.1782,6
40.7556,-73.9745,0
